Data,Zamkniecie,Wolumen,Date,Daily index price Change (%),STS,MACD,MACD_Signal,RSI,Label,Prawdopodobieństwo_Spadku,Prawdopodobieństwo_Wzrostu,Rekomendacja,Return,Signal,Strategy Return
1/3/2023,3824.14,2351704257,1/3/2023,-0.40005209,17.30744829,-29.17436938,-19.07768896,34.09412394,0,0.9,0.1,Sprzedaj,,-1.0,
1/4/2023,3852.97,2574150675,1/4/2023,0.753894993,32.8854314,-27.0329225,-20.66873567,34.06135251,1,0.19,0.81,Kup,0.00753894993384141,1.0,0.00753894993384141
1/5/2023,3808.1,2254045861,1/5/2023,-1.164556174,22.10965965,-28.62645646,-22.26027983,32.77391336,0,0.82,0.18,Sprzedaj,-0.01164556173549236,-1.0,0.01164556173549236
1/6/2023,3895.08,2462500481,1/6/2023,2.284078674,100.0,-22.61014881,-22.33025363,49.93689128,1,0.01,0.99,Kup,0.02284078674404566,1.0,0.02284078674404566
1/9/2023,3892.09,2498158582,1/9/2023,-0.076763507,97.32701591,-17.87737046,-21.43967699,54.05052709,0,0.82,0.18,Sprzedaj,-0.0007676350678290644,-1.0,0.0007676350678290644
1/10/2023,3919.25,2140005783,1/10/2023,0.69782559,100.0,-11.79901283,-19.51154416,60.51895877,1,0.0,1.0,Kup,0.006978255898501873,1.0,0.006978255898501873
1/11/2023,3969.61,2353913282,1/11/2023,1.284939721,100.0,-2.884983207,-16.18623197,63.98004874,1,0.0,1.0,Kup,0.012849397206098123,1.0,0.012849397206098123
1/12/2023,3983.17,2468086405,1/12/2023,0.34159527,100.0,5.213529842,-11.90627961,60.77402629,1,0.0,1.0,Kup,0.00341595270064321,1.0,0.00341595270064321
1/13/2023,3999.09,2305645309,1/13/2023,0.399681661,100.0,12.76907676,-6.971208334,69.81385961,1,0.0,1.0,Kup,0.003996816605869258,1.0,0.003996816605869258
1/17/2023,3990.97,2561165091,1/17/2023,-0.203046193,96.23847686,17.89539897,-1.997886872,66.93157858,0,0.89,0.11,Sprzedaj,-0.0020304619300891558,-1.0,0.0020304619300891558
1/18/2023,3928.86,2644401366,1/18/2023,-1.556263264,67.46653078,16.75316824,1.75232415,60.41662309,0,0.92,0.08,Sprzedaj,-0.01556263264319191,-1.0,0.01556263264319191
1/19/2023,3898.85,2550553130,1/19/2023,-0.763834802,47.51557673,13.27337871,4.056535062,62.51109043,0,0.91,0.09,Sprzedaj,-0.007638348019527341,-1.0,0.007638348019527341
1/20/2023,3972.61,2708753252,1/20/2023,1.891839902,86.13539976,16.27977291,6.501182632,63.12551883,1,0.23,0.77,Kup,0.01891839901509429,1.0,0.01891839901509429
1/23/2023,4019.81,2469489503,1/23/2023,1.18813576,100.0,22.21492765,9.643931636,67.77398813,1,0.0,1.0,Kup,0.011881357596139619,1.0,0.011881357596139619
1/24/2023,4016.95,2103117935,1/24/2023,-0.071147641,98.64909546,26.38366794,12.9918789,69.48638651,0,0.9,0.1,Sprzedaj,-0.0007114764130643492,-1.0,0.0007114764130643492
1/25/2023,4016.22,2427959152,1/25/2023,-0.018172992,98.30428416,29.29087281,16.25167768,67.49244584,0,0.91,0.09,Sprzedaj,-0.00018172991946630024,-1.0,0.00018172991946630024
1/26/2023,4060.43,2436722285,1/26/2023,1.100786312,100.0,34.76152195,19.95364653,77.07577741,1,0.0,1.0,Kup,0.011007863115068517,1.0,0.011007863115068517
1/27/2023,4070.56,2573674311,1/27/2023,0.249480966,100.0,39.45959154,23.85483553,72.54831414,1,0.0,1.0,Kup,0.002494809663015962,1.0,0.002494809663015962
1/30/2023,4017.77,2323118481,1/30/2023,-1.296873158,69.25630423,38.47956524,26.77978148,64.31695981,0,0.88,0.12,Sprzedaj,-0.012968731575016657,-1.0,0.012968731575016657
1/31/2023,4076.6,2868839133,1/31/2023,1.464245091,100.0,41.96621626,29.81706843,66.71837481,1,0.0,1.0,Kup,0.014642450911824145,1.0,0.014642450911824145
2/1/2023,4119.21,2963113965,2/1/2023,1.045233773,100.0,47.61876374,33.37740749,66.16109239,1,0.0,1.0,Kup,0.010452337732424155,1.0,0.010452337732424155
2/2/2023,4179.76,3410570676,2/2/2023,1.469942052,100.0,56.33493326,37.96891265,69.27995606,1,0.0,1.0,Kup,0.01469942051995421,1.0,0.01469942051995421
2/3/2023,4136.48,2898791369,2/3/2023,-1.035466151,84.59293012,59.06931185,42.18899249,62.78784043,0,0.98,0.02,Sprzedaj,-0.010354661511665864,-1.0,0.010354661511665864
2/6/2023,4111.08,2285621270,2/6/2023,-0.61404866,75.55088818,58.51226588,45.45364717,60.8310639,0,0.97,0.03,Sprzedaj,-0.006140486597300043,-1.0,0.006140486597300043
2/7/2023,4164.0,2622828899,2/7/2023,1.287252985,94.38966217,61.63056587,48.68903091,71.56139965,1,0.29,0.71,Kup,0.01287252984617182,1.0,0.01287252984617182
2/8/2023,4117.86,2562865048,2/8/2023,-1.108069164,70.11827178,59.690652,50.88935513,69.50535259,0,0.96,0.04,Sprzedaj,-0.011080691642651352,-1.0,0.011080691642651352
2/9/2023,4081.5,2664804958,2/9/2023,-0.882982909,39.91683992,54.5900283,51.62948976,60.39006889,0,0.96,0.04,Sprzedaj,-0.008829829085981511,-1.0,0.008829829085981511
2/10/2023,4090.46,2311050934,2/10/2023,0.219527135,45.39562187,50.68646239,51.44088429,57.27195998,1,0.24,0.76,Kup,0.0021952713463186946,1.0,0.0021952713463186946
2/13/2023,4137.29,2125294422,2/13/2023,1.144859013,74.03081815,50.78621603,51.30995063,61.35840224,1,0.13,0.87,Kup,0.011448590134117032,1.0,0.011448590134117032
2/14/2023,4136.13,2220641124,2/14/2023,-0.028037677,73.06623866,50.19307468,51.08657544,61.30863685,0,0.22,0.78,Kup,-0.0002803767683676739,1.0,-0.0002803767683676739
2/15/2023,4147.6,2124554103,2/15/2023,0.277312367,80.14692265,50.0713477,50.88352989,58.76203687,1,0.17,0.83,Kup,0.0027731236687436045,1.0,0.0027731236687436045
2/16/2023,4090.41,2270678476,2/16/2023,-1.378869708,44.84227421,44.84319866,49.67546365,51.82280666,0,0.78,0.22,Sprzedaj,-0.01378869707782826,-1.0,0.01378869707782826
2/17/2023,4079.09,2399670093,2/17/2023,-0.276744874,2.41372625,39.33301696,47.60697431,56.09518508,0,0.97,0.03,Sprzedaj,-0.0027674487398573477,-1.0,0.0027674487398573477
2/21/2023,3997.34,2364296677,2/21/2023,-2.004123469,0.0,28.046316,43.69484265,42.46491995,0,1.0,0.0,Sprzedaj,-0.020041234687148357,-1.0,0.020041234687148357
2/22/2023,3991.05,2271027470,2/22/2023,-0.157354641,0.0,18.3820766,38.63228944,36.91229933,0,1.0,0.0,Sprzedaj,-0.0015735464083616035,-1.0,0.0015735464083616035
2/23/2023,4012.32,2316029436,2/23/2023,0.532942459,12.29835212,12.29764885,33.36536132,31.40960163,1,0.2,0.8,Kup,0.0053294245875146196,1.0,0.0053294245875146196
2/24/2023,3970.04,2185600426,2/24/2023,-1.053754436,0.0,4.017739375,27.49583693,31.47950327,0,0.97,0.03,Sprzedaj,-0.010537544363360851,-1.0,0.010537544363360851
2/27/2023,3982.24,2074394964,2/27/2023,0.30730169,6.289956692,-1.541936021,21.68828234,35.22951346,1,0.21,0.79,Kup,0.0030730168965551474,1.0,0.0030730168965551474
2/28/2023,3970.15,2776247907,2/28/2023,-0.303597975,0.06195089,-6.844679581,15.98168996,25.48126787,0,0.64,0.36,Sprzedaj,-0.0030359797500902896,-1.0,0.0030359797500902896
3/1/2023,3951.39,2234879789,3/1/2023,-0.472526227,0.0,-12.41777292,10.30179738,27.37749028,0,1.0,0.0,Sprzedaj,-0.004725262269687613,-1.0,0.004725262269687613
3/2/2023,3981.35,2252768227,3/2/2023,0.758214198,15.26935426,-14.25267199,5.390903507,36.14914392,1,0.06,0.94,Kup,0.0075821419804169565,1.0,0.0075821419804169565
3/3/2023,4045.64,2232453315,3/3/2023,1.614778907,48.03526833,-10.39930036,2.232862733,44.62409442,1,0.09,0.91,Kup,0.0161477890665227,1.0,0.0161477890665227
3/6/2023,4048.42,2189913632,3/6/2023,0.068715951,49.45211763,-7.040000078,0.378290171,38.08106006,1,0.37,0.63,Kup,0.0006871595099910977,1.0,0.0006871595099910977
3/7/2023,3986.37,2279768642,3/7/2023,-1.532696706,17.82783752,-9.277699285,-1.55290772,32.73460918,0,0.37,0.63,Kup,-0.015326967063694075,1.0,-0.015326967063694075
3/8/2023,3992.01,2040746669,3/8/2023,0.1414821,29.21881744,-10.47523913,-3.337374002,31.81807558,1,0.05,0.95,Kup,0.001414821002566402,1.0,0.001414821002566402
3/9/2023,3918.32,2610567322,3/9/2023,-1.84593726,0.0,-17.17251121,-6.104401443,30.63663164,0,1.0,0.0,Sprzedaj,-0.018459372596762003,-1.0,0.018459372596762003
3/10/2023,3861.59,3224149593,3/10/2023,-1.447814369,0.0,-26.74943365,-10.23340788,27.79615337,0,1.0,0.0,Sprzedaj,-0.014478143694236278,-1.0,0.014478143694236278
3/13/2023,3855.76,3998505947,3/13/2023,-0.150974081,0.0,-34.41295484,-15.06931728,32.89518195,0,1.0,0.0,Sprzedaj,-0.0015097408062482165,-1.0,0.0015097408062482165
3/14/2023,3919.29,3434041869,3/14/2023,1.647664792,32.97518945,-34.95704745,-19.04686331,42.38378264,1,0.47,0.53,Brak decyzji,0.016476647924144494,,
3/15/2023,3891.93,3692412901,3/15/2023,-0.698085623,18.77400602,-37.16752403,-22.67099545,37.38552778,0,0.79,0.21,Sprzedaj,-0.006980856226510457,-1.0,0.006980856226510457
3/16/2023,3960.28,3620888964,3/16/2023,1.756198082,54.25101215,-33.02339572,-24.74147551,49.0303223,1,0.05,0.95,Kup,0.017561980816715783,1.0,0.017561980816715783
3/17/2023,3916.64,5743241303,3/17/2023,-1.101942287,31.59970933,-32.88149011,-26.36947843,43.86571909,0,0.42,0.58,Brak decyzji,-0.01101942286909019,,
3/20/2023,3951.57,2958330107,3/20/2023,0.891835859,49.73009447,-29.60915392,-27.01741353,48.33375184,1,0.15,0.85,Kup,0.008918358593079878,1.0,0.008918358593079878
3/21/2023,4002.87,2998269348,3/21/2023,1.298218177,76.3573134,-22.61562381,-26.13705558,54.36212039,1,0.14,0.86,Kup,0.012982181765728518,1.0,0.012982181765728518
3/22/2023,3936.97,2722934161,3/22/2023,-1.646318766,42.15197758,-22.13561448,-25.33676736,46.45538481,0,0.79,0.21,Sprzedaj,-0.01646318766285193,-1.0,0.01646318766285193
3/23/2023,3948.72,2821295818,3/23/2023,0.298452871,48.25080453,-20.56995915,-24.38340572,41.54983609,1,0.08,0.92,Kup,0.002984528711166279,1.0,0.002984528711166279
3/24/2023,3970.99,2609179699,3/24/2023,0.563980227,78.32914146,-17.3323664,-22.97319786,43.47100191,1,0.13,0.87,Kup,0.0056398022650376856,1.0,0.0056398022650376856
3/27/2023,3977.53,2462252346,3/27/2023,0.164694446,82.77479437,-14.07656164,-21.19387061,49.17761322,1,0.24,0.76,Kup,0.0016469444647304599,1.0,0.0016469444647304599
3/28/2023,3971.27,1993129645,3/28/2023,-0.157384105,78.51947522,-11.86467401,-19.32803129,48.07277728,0,0.78,0.22,Sprzedaj,-0.0015738410521103363,-1.0,0.0015738410521103363
3/29/2023,4027.81,2265665116,3/29/2023,1.423725911,100.0,-5.486190271,-16.55966309,60.50908951,1,0.0,1.0,Kup,0.014237259113583312,1.0,0.014237259113583312
3/30/2023,4050.83,2136728201,3/30/2023,0.571526462,100.0,1.410071237,-12.96571622,69.42038504,1,0.0,1.0,Kup,0.0057152646227105475,1.0,0.0057152646227105475
3/31/2023,4109.31,2525400584,3/31/2023,1.443654757,100.0,11.46212716,-8.080147545,73.48250505,1,0.0,1.0,Kup,0.014436547571732294,1.0,0.014436547571732294
4/3/2023,4124.51,2427596313,4/3/2023,0.369891782,100.0,20.41958264,-2.380201509,70.87520853,1,0.0,1.0,Kup,0.0036989178231867648,1.0,0.0036989178231867648
4/4/2023,4100.6,2263558030,4/4/2023,-0.579705226,88.4976187,25.29747986,3.155334764,71.37618062,0,0.86,0.14,Sprzedaj,-0.0057970522559043225,-1.0,0.0057970522559043225
4/5/2023,4090.38,2329609104,4/5/2023,-0.24923182,83.58108433,28.01563318,8.127394447,65.12931435,0,0.94,0.06,Sprzedaj,-0.0024923181973370845,-1.0,0.0024923181973370845
4/6/2023,4105.02,2074707142,4/6/2023,0.357912957,89.60755039,30.99383726,12.70068301,73.49112131,1,0.28,0.72,Kup,0.003579129567424122,1.0,0.003579129567424122
4/10/2023,4109.11,1951641661,4/10/2023,0.099634107,91.78841847,33.30024971,16.82059635,71.28228683,1,0.24,0.76,Kup,0.0009963410653295313,1.0,0.0009963410653295313
4/11/2023,4108.94,2000949147,4/11/2023,-0.004137149,91.69777114,34.71421674,20.39932043,66.62591304,0,0.77,0.23,Sprzedaj,-4.137148920324574e-05,-1.0,4.137148920324574e-05
4/12/2023,4091.95,2249009085,4/12/2023,-0.413488637,81.47789977,34.07109442,23.13367523,78.69149882,0,0.8,0.2,Sprzedaj,-0.004134886369720592,-1.0,0.004134886369720592
4/13/2023,4146.22,2198579364,4/13/2023,1.32626254,100.0,37.50817984,26.00857615,81.58989123,1,0.0,1.0,Kup,0.013262625398648753,1.0,0.013262625398648753
4/14/2023,4137.64,2089948592,4/14/2023,-0.206935474,95.09574164,39.08916495,28.62469391,77.87628383,0,0.79,0.21,Sprzedaj,-0.0020693547375681964,-1.0,0.0020693547375681964
4/17/2023,4151.32,2134208037,4/17/2023,0.330623254,100.0,40.97364998,31.09448512,78.39241954,1,0.0,1.0,Kup,0.0033062325383550473,1.0,0.0033062325383550473
4/18/2023,4154.87,2125370001,4/18/2023,0.085514969,100.0,42.26635306,33.32885871,80.26307114,1,0.0,1.0,Kup,0.0008551496873283604,1.0,0.0008551496873283604
4/19/2023,4154.52,2167627544,4/19/2023,-0.00842385,99.66359093,42.76956656,35.21700028,75.63423022,0,0.82,0.18,Sprzedaj,-8.423849602978706e-05,-1.0,8.423849602978706e-05
4/20/2023,4129.79,2452866920,4/20/2023,-0.595255288,61.11024965,40.70365614,36.31433145,65.8643414,0,0.93,0.07,Sprzedaj,-0.005952552882162232,-1.0,0.005952552882162232
4/21/2023,4133.52,2298537544,4/21/2023,0.090319362,66.89409211,38.91875589,36.83521634,56.23615476,1,0.17,0.83,Kup,0.0009031936248575789,1.0,0.0009031936248575789
4/24/2023,4137.04,2122318243,4/24/2023,0.085157445,72.35230268,37.3576089,36.93969485,53.43419394,1,0.2,0.8,Kup,0.0008515744450250384,1.0,0.0008515744450250384
4/25/2023,4071.63,2574200878,4/25/2023,-1.581082126,0.0,30.49086856,35.64992959,43.53146072,0,1.0,0.0,Sprzedaj,-0.015810821263512076,-1.0,0.015810821263512076
4/26/2023,4055.99,2706613848,4/26/2023,-0.384121347,0.0,23.51583419,33.22311051,42.50272509,0,0.98,0.02,Sprzedaj,-0.003841213469789828,-1.0,0.003841213469789828
4/27/2023,4135.35,2719396344,4/27/2023,1.956612319,80.25889968,24.1137892,31.40124625,55.15693542,1,0.19,0.81,Kup,0.019566123190639217,1.0,0.019566123190639217
4/28/2023,4169.48,2732583160,4/28/2023,0.825323129,100.0,27.03009254,30.52701551,59.31319614,1,0.0,1.0,Kup,0.008253231286347917,1.0,0.008253231286347917
5/1/2023,4167.87,2224868817,5/1/2023,-0.038613928,98.58137281,28.87847729,30.19730786,59.05083705,0,0.74,0.26,Sprzedaj,-0.0003861392787588569,-1.0,0.0003861392787588569
5/2/2023,4119.58,2648056928,5/2/2023,-1.158625389,56.0313684,26.14534879,29.38691605,53.87137453,0,0.91,0.09,Sprzedaj,-0.011586253889876552,-1.0,0.011586253889876552
5/3/2023,4090.75,2576228540,5/3/2023,-0.699828623,30.62824918,21.40622705,27.79077825,41.63121209,0,0.74,0.26,Sprzedaj,-0.006998286233062534,-1.0,0.006998286233062534
5/4/2023,4061.22,2878155272,5/4/2023,-0.721872517,4.608335536,15.09362481,25.25134756,39.15597684,0,0.93,0.07,Sprzedaj,-0.007218725172645657,-1.0,0.007218725172645657
5/5/2023,4136.25,2466850794,5/5/2023,1.847474404,70.71988721,15.96114584,23.39330722,48.17867588,1,0.13,0.87,Kup,0.018474744042430657,1.0,0.018474744042430657
5/8/2023,4138.12,2114263205,5/8/2023,0.045210033,72.36760948,16.60810796,22.03626737,47.96738102,1,0.05,0.95,Kup,0.0004521003324267081,1.0,0.0004521003324267081
5/9/2023,4119.17,2062396327,5/9/2023,-0.457937421,55.67010309,15.41404001,20.71182189,45.89554838,0,0.76,0.24,Sprzedaj,-0.004579374208577791,-1.0,0.004579374208577791
5/10/2023,4137.64,2341053558,5/10/2023,0.448391302,71.94466473,15.77624842,19.7247072,50.92490044,1,0.39,0.61,Kup,0.004483913021312569,1.0,0.004483913021312569
5/11/2023,4130.62,2245650154,5/11/2023,-0.169661933,65.75909772,15.32024363,18.84381449,49.66094561,0,0.65,0.35,Sprzedaj,-0.0016966193288928677,-1.0,0.0016966193288928677
5/12/2023,4124.08,2076453332,5/12/2023,-0.158329742,59.99647546,14.26667585,17.92838676,48.49540262,0,0.84,0.16,Sprzedaj,-0.0015832974226629437,-1.0,0.0015832974226629437
5/15/2023,4136.28,2051963971,5/15/2023,0.295823553,70.74632126,14.25186719,17.19308284,58.56359446,1,0.16,0.84,Kup,0.002958235533743192,1.0,0.002958235533743192
5/16/2023,4109.9,2204940543,5/16/2023,-0.637771137,44.96582302,11.97346305,16.14915889,56.94340692,0,0.9,0.1,Sprzedaj,-0.006377711373504735,-1.0,0.006377711373504735
5/17/2023,4158.77,2448302781,5/17/2023,1.189080026,90.10714946,13.9504004,15.70940719,53.27351001,1,0.36,0.64,Kup,0.011890800262780221,1.0,0.011890800262780221
5/18/2023,4198.05,2416803411,5/18/2023,0.944510035,100.0,18.47375131,16.26227601,53.93667154,1,0.0,1.0,Kup,0.009445100354191105,1.0,0.009445100354191105
5/19/2023,4191.98,2350593331,5/19/2023,-0.144590941,95.56383834,21.3229436,17.27440953,53.28179022,0,0.55,0.45,Brak decyzji,-0.001445909410321633,,
5/22/2023,4192.63,2222520734,5/22/2023,0.015505799,96.03888036,23.36407211,18.49234205,61.4251306,1,0.37,0.63,Kup,0.00015505799168891166,1.0,0.00015505799168891166
5/23/2023,4145.58,2437496305,5/23/2023,-1.122207302,61.65314624,20.94371328,18.98261629,58.11310704,0,0.92,0.08,Sprzedaj,-0.011222073018606449,-1.0,0.011222073018606449
5/24/2023,4115.24,2295840859,5/24/2023,-0.731863816,6.057855927,16.38846106,18.46378525,57.97413793,0,0.83,0.17,Sprzedaj,-0.007318638164020563,-1.0,0.007318638164020563
5/25/2023,4151.28,2827444614,5/25/2023,0.875769092,46.94271129,15.50775392,17.87257898,52.50725653,1,0.25,0.75,Kup,0.00875769092446621,1.0,0.00875769092446621
5/26/2023,4205.45,2591254017,5/26/2023,1.30489873,100.0,18.96226822,18.09051683,59.56310542,1,0.0,1.0,Kup,0.013048987300302572,1.0,0.013048987300302572
5/30/2023,4205.52,2568042721,5/30/2023,0.001664507,100.0,21.45828634,18.76407073,62.9596278,1,0.0,1.0,Kup,1.6645067709930572e-05,1.0,1.6645067709930572e-05
5/31/2023,4179.83,4396247534,5/31/2023,-0.610863817,73.13323572,21.11997249,19.23525108,56.19766724,0,0.91,0.09,Sprzedaj,-0.006108638170785219,-1.0,0.006108638170785219
6/1/2023,4221.02,2593535081,6/1/2023,0.985446777,100.0,23.9000403,20.16820893,62.06813691,1,0.0,1.0,Kup,0.009854467765435526,1.0,0.009854467765435526
6/2/2023,4282.37,2727572445,6/2/2023,1.453440164,100.0,30.69980807,22.27452876,68.43367882,1,0.0,1.0,Kup,0.014534401637518846,1.0,0.014534401637518846
6/5/2023,4273.79,2188378526,6/5/2023,-0.200356345,95.02522178,34.99296164,24.81821533,66.14990722,0,0.94,0.06,Sprzedaj,-0.002003563447343426,-1.0,0.002003563447343426
6/6/2023,4283.85,2246423347,6/6/2023,0.235388262,100.0,38.76027043,27.60662635,71.24398525,1,0.0,1.0,Kup,0.002353882619408054,1.0,0.002353882619408054
6/7/2023,4267.52,2720308985,6/7/2023,-0.381199155,90.31492794,39.96747509,30.0787961,64.42805211,0,0.96,0.04,Sprzedaj,-0.0038119915496573897,-1.0,0.0038119915496573897
6/8/2023,4293.93,2225615199,6/8/2023,0.618860603,100.0,42.56460153,32.57595719,63.17032967,1,0.0,1.0,Kup,0.006188606028794119,1.0,0.006188606028794119
6/9/2023,4298.86,2136702819,6/9/2023,0.114813236,100.0,44.50759688,34.96228513,64.72744309,1,0.0,1.0,Kup,0.0011481323635922358,1.0,0.0011481323635922358
6/12/2023,4338.93,2453364699,6/12/2023,0.932107582,100.0,48.71914483,37.71365707,68.18385204,1,0.0,1.0,Kup,0.009321075820101221,1.0,0.009321075820101221
6/13/2023,4369.01,2543848564,6/13/2023,0.693258476,100.0,53.86313089,40.94355183,78.99353767,1,0.0,1.0,Kup,0.006932584761680793,1.0,0.006932584761680793
6/14/2023,4372.59,2632647795,6/14/2023,0.08194076,100.0,57.5650786,44.26785719,85.88760284,1,0.0,1.0,Kup,0.0008194076003487094,1.0,0.0008194076003487094
6/15/2023,4425.84,2574876443,6/15/2023,1.217813699,100.0,64.05731593,48.22574893,86.53395785,1,0.0,1.0,Kup,0.012178136985173449,1.0,0.012178136985173449
6/16/2023,4409.59,4185054291,6/16/2023,-0.36716194,93.39457746,67.11753246,52.00410564,80.21252664,0,0.9,0.1,Sprzedaj,-0.0036716193988033385,-1.0,0.0036716193988033385
6/20/2023,4388.71,2438264940,6/20/2023,-0.473513411,84.9071176,67.08462482,55.02020948,75.53882615,0,0.87,0.13,Sprzedaj,-0.0047351341054383544,-1.0,0.0047351341054383544
6/21/2023,4365.69,2342110707,6/21/2023,-0.524527709,70.63275071,64.45799205,56.90776599,76.10539918,0,0.91,0.09,Sprzedaj,-0.005245277085977551,-1.0,0.005245277085977551
6/22/2023,4381.89,2101340593,6/22/2023,0.371075363,72.23976756,62.95783256,58.1177793,74.30133841,1,0.32,0.68,Kup,0.003710753626574581,1.0,0.003710753626574581
6/23/2023,4348.33,3062977301,6/23/2023,-0.765879563,51.04219303,58.38787476,58.1717984,60.87730871,0,0.88,0.12,Sprzedaj,-0.007658795633847637,-1.0,0.007658795633847637
6/26/2023,4328.82,2249250625,6/26/2023,-0.448677998,38.71905003,52.58568133,57.05457498,58.75911247,0,0.9,0.1,Sprzedaj,-0.004486779982200151,-1.0,0.004486779982200151
6/27/2023,4378.41,2289549269,6/27/2023,1.145577779,70.04168772,51.39643369,55.92294672,63.36877227,1,0.15,0.85,Kup,0.011455777787018118,1.0,0.011455777787018118
6/28/2023,4376.86,2283456075,6/28/2023,-0.035400979,62.86862255,49.75532591,54.68942256,66.1325543,0,0.81,0.19,Sprzedaj,-0.00035400978894173374,-1.0,0.00035400978894173374
6/29/2023,4396.44,2158939109,6/29/2023,0.447352668,76.84674752,49.46448276,53.6444346,65.43592832,1,0.5,0.5,Brak decyzji,0.004473526683512752,,
6/30/2023,4450.38,2491966612,6/30/2023,1.226901766,100.0,52.97582237,53.51071215,69.88138351,1,0.0,1.0,Kup,0.012269017659743087,1.0,0.012269017659743087
7/3/2023,4455.59,1236150700,7/3/2023,0.117068655,100.0,55.53877138,53.916324,66.8486424,1,0.0,1.0,Kup,0.0011706865481149187,1.0,0.0011706865481149187
7/5/2023,4446.82,2115015525,7/5/2023,-0.196831396,93.08195945,56.21425825,54.37591085,61.97482225,0,0.98,0.02,Sprzedaj,-0.0019683139606652134,-1.0,0.0019683139606652134
7/6/2023,4411.59,2224381526,7/6/2023,-0.792251542,65.29147275,53.29249716,54.15922811,55.46923206,0,0.86,0.14,Sprzedaj,-0.007922515415510367,-1.0,0.007922515415510367
7/7/2023,4398.95,2111125773,7/7/2023,-0.286518013,55.32065946,49.38772711,53.20492791,45.74431045,0,0.83,0.17,Sprzedaj,-0.0028651801277997935,-1.0,0.0028651801277997935
7/10/2023,4409.53,2168941075,7/10/2023,0.24051194,63.66648261,46.60959983,51.88586229,49.99033069,1,0.18,0.82,Kup,0.0024051194034939716,1.0,0.0024051194034939716
7/11/2023,4439.26,2129927844,7/11/2023,0.674221516,87.11840341,46.27346479,50.76338279,57.9204663,1,0.23,0.77,Kup,0.006742215156717579,1.0,0.006742215156717579
7/12/2023,4472.16,2330249912,7/12/2023,0.74111451,100.0,48.10727962,50.23216216,66.1813429,1,0.0,1.0,Kup,0.007411145100759908,1.0,0.007411145100759908
7/13/2023,4510.04,2254150794,7/13/2023,0.847017996,100.0,52.0175644,50.58924261,68.27216471,1,0.0,1.0,Kup,0.00847017995778332,1.0,0.00847017995778332
7/14/2023,4505.42,2379047405,7/14/2023,-0.102438116,97.45061252,54.11983807,51.2953617,74.41332795,0,0.92,0.08,Sprzedaj,-0.001024381158481913,-1.0,0.001024381158481913
7/17/2023,4522.79,2359710601,7/17/2023,0.385535644,100.0,56.53580932,52.34345122,80.3466942,1,0.0,1.0,Kup,0.003855356437357571,1.0,0.003855356437357571
7/18/2023,4554.98,2538849602,7/18/2023,0.711728822,100.0,60.3522448,53.94520994,79.21506337,1,0.0,1.0,Kup,0.007117288222535212,1.0,0.007117288222535212
7/19/2023,4565.72,2597461645,7/19/2023,0.235785887,100.0,63.51130685,55.85842932,80.32628942,1,0.0,1.0,Kup,0.0023578588709500803,1.0,0.0023578588709500803
7/20/2023,4534.87,2595426819,7/20/2023,-0.675687515,81.50146909,62.80161123,57.2470657,71.45203781,0,0.92,0.08,Sprzedaj,-0.006756875147840957,-1.0,0.006756875147840957
7/21/2023,4536.34,3277670172,7/21/2023,0.032415483,82.38292259,61.64715897,58.12708436,65.90791324,1,0.3,0.7,Kup,0.00032415482692993436,1.0,0.00032415482692993436
7/24/2023,4554.64,2156130111,7/24/2023,0.403408916,93.35611921,61.49997092,58.80166167,67.4833198,1,0.29,0.71,Kup,0.004034089155574794,1.0,0.004034089155574794
7/25/2023,4567.46,2305628861,7/25/2023,0.281471203,100.0,61.70647634,59.3826246,70.99401364,1,0.0,1.0,Kup,0.002814712029929778,1.0,0.002814712029929778
7/26/2023,4566.75,2320509101,7/26/2023,-0.015544745,99.57866002,61.10842245,59.72778417,80.68829114,0,0.8,0.2,Sprzedaj,-0.00015544744781559316,-1.0,0.00015544744781559316
7/27/2023,4537.41,2680598316,7/27/2023,-0.642470028,80.97258279,57.60295661,59.30281866,75.68831169,0,0.93,0.07,Sprzedaj,-0.006424700279192064,-1.0,0.006424700279192064
7/28/2023,4582.23,2363048132,7/28/2023,0.987788188,100.0,57.77544968,58.99734486,78.42891947,1,0.0,1.0,Kup,0.009877881875342887,1.0,0.009877881875342887
7/31/2023,4588.96,2415231060,7/31/2023,0.14687172,100.0,57.78905024,58.75568594,76.66167985,1,0.0,1.0,Kup,0.0014687171966489831,1.0,0.0014687171966489831
8/1/2023,4576.73,2179828757,8/1/2023,-0.266509187,85.36030644,56.16552874,58.2376545,70.10420271,0,0.93,0.07,Sprzedaj,-0.0026650918726683903,-1.0,0.0026650918726683903
8/2/2023,4513.39,2467424038,8/2/2023,-1.383957542,9.540339957,49.20071242,56.43026608,50.58662838,0,0.86,0.14,Sprzedaj,-0.01383957541738301,-1.0,0.01383957541738301
8/3/2023,4501.89,2363725888,8/3/2023,-0.254797392,0.0,42.2658767,53.59738821,49.39639547,0,0.99,0.01,Sprzedaj,-0.002547973917609636,-1.0,0.002547973917609636
8/4/2023,4478.03,2411632698,8/4/2023,-0.529999622,0.0,34.44757661,49.76742589,42.512546,0,1.0,0.0,Sprzedaj,-0.00529999622380839,-1.0,0.00529999622380839
8/7/2023,4518.44,2051647102,8/7/2023,0.902405745,36.42837826,31.1531526,46.04457123,44.0511852,1,0.17,0.83,Kup,0.00902405745383561,1.0,0.00902405745383561
8/8/2023,4499.38,2169756994,8/8/2023,-0.421827002,19.24637159,26.69657364,42.17497171,39.48452955,0,0.79,0.21,Sprzedaj,-0.004218270022397053,-1.0,0.004218270022397053
8/9/2023,4467.71,2058789858,8/9/2023,-0.703874756,0.0,20.37433572,37.81484451,39.38215392,0,0.99,0.01,Sprzedaj,-0.007038747560775049,-1.0,0.007038747560775049
8/10/2023,4468.83,2116254445,8/10/2023,0.025068771,0.92371134,15.27817398,33.30751041,39.31499478,1,0.37,0.63,Kup,0.00025068771249703303,1.0,0.00025068771249703303
8/11/2023,4464.05,1849920370,8/11/2023,-0.10696312,0.0,10.73003389,28.7920151,35.02099937,0,1.0,0.0,Sprzedaj,-0.0010696312010077813,-1.0,0.0010696312010077813
8/14/2023,4489.72,1957703753,8/14/2023,0.575038362,20.55079657,9.092145962,24.85204127,37.66971197,1,0.22,0.78,Kup,0.005750383620255262,1.0,0.005750383620255262
8/15/2023,4437.86,1976890010,8/15/2023,-1.155083168,0.0,3.56830618,20.59529426,32.41081907,0,0.96,0.04,Sprzedaj,-0.011550831677699436,-1.0,0.011550831677699436
8/16/2023,4404.33,2007563221,8/16/2023,-0.755544339,0.0,-3.474910813,15.78125324,32.04436289,0,1.0,0.0,Sprzedaj,-0.0075554433893813,-1.0,0.0075554433893813
8/17/2023,4370.36,2222818962,8/17/2023,-0.771286439,0.0,-11.66335819,10.29233096,20.55152475,0,1.0,0.0,Sprzedaj,-0.007712864385729601,-1.0,0.007712864385729601
8/18/2023,4369.71,2159681725,8/18/2023,-0.014872917,0.0,-17.99774451,4.634315863,19.00183798,0,1.0,0.0,Sprzedaj,-0.00014872916647590273,-1.0,0.00014872916647590273
8/21/2023,4399.77,2058836126,8/21/2023,0.687917505,20.21112082,-20.35753157,-0.364053623,26.18175945,1,0.13,0.87,Kup,0.006879175048229769,1.0,0.006879175048229769
8/22/2023,4387.55,1904585562,8/22/2023,-0.277741791,11.99489007,-22.94918774,-4.881080446,30.35959546,0,0.7,0.3,Sprzedaj,-0.0027774179104816943,-1.0,0.0027774179104816943
8/23/2023,4436.01,2021761268,8/23/2023,1.104488838,44.57742217,-20.85240339,-8.075345036,40.78137244,1,0.05,0.95,Kup,0.011044888377340412,1.0,0.011044888377340412
8/24/2023,4376.31,2082566773,8/24/2023,-1.345804,4.437571438,-23.73438257,-11.20715254,37.06379082,0,0.47,0.53,Brak decyzji,-0.013458039995401183,,
8/25/2023,4405.71,1892067072,8/25/2023,0.671798844,27.76278245,-23.37656703,-13.64103544,35.25055606,1,0.05,0.95,Kup,0.006717988442317857,1.0,0.006717988442317857
8/28/2023,4433.31,1631738412,8/28/2023,0.626459753,52.9955837,-20.62811819,-15.03845199,41.544447,1,0.12,0.88,Kup,0.0062645975336552695,1.0,0.0062645975336552695
8/29/2023,4497.63,1884706898,8/29/2023,1.450834704,100.0,-13.10875664,-14.65251292,53.53380262,1,0.01,0.99,Kup,0.014508347036412905,1.0,0.014508347036412905
8/30/2023,4514.87,1788662114,8/30/2023,0.383312989,100.0,-5.692860767,-12.86058249,55.23824694,1,0.0,1.0,Kup,0.0038331298928546698,1.0,0.0038331298928546698
8/31/2023,4507.66,2319094206,8/31/2023,-0.159694521,95.03306696,-0.392966725,-10.36705934,54.93448596,0,0.72,0.28,Sprzedaj,-0.0015969452055097921,-1.0,0.0015969452055097921
9/1/2023,4515.77,1927089047,9/1/2023,0.179915965,100.0,4.410801733,-7.411487123,53.06954493,1,0.0,1.0,Kup,0.0017991596526802933,1.0,0.0017991596526802933
9/5/2023,4496.83,2126482524,9/5/2023,-0.419419058,87.03272628,6.613289251,-4.606531848,57.53302164,0,0.86,0.14,Sprzedaj,-0.00419419058100845,-1.0,0.00419419058100845
9/6/2023,4465.48,2134658586,9/6/2023,-0.697157776,65.56894427,5.762665065,-2.532692466,57.85525268,0,0.78,0.22,Sprzedaj,-0.0069715777558858605,-1.0,0.0069715777558858605
9/7/2023,4451.14,2443175221,9/7/2023,-0.321130091,55.75106121,3.886618593,-1.248830254,60.9280303,0,0.72,0.28,Sprzedaj,-0.0032113009127796577,-1.0,0.0032113009127796577
9/8/2023,4457.49,2079878833,9/8/2023,0.142660083,58.2102395,2.879042371,-0.423255729,61.69464428,1,0.21,0.79,Kup,0.0014266008258556617,1.0,0.0014266008258556617
9/11/2023,4487.46,2165432407,9/11/2023,0.67235148,79.70027248,4.447590431,0.550913503,61.68545614,1,0.31,0.69,Kup,0.006723514803174124,1.0,0.006723514803174124
9/12/2023,4461.9,2188365100,9/12/2023,-0.56958725,61.37243654,3.586850702,1.158100943,59.56762321,0,0.45,0.55,Brak decyzji,-0.005695872498027943,,
9/13/2023,4467.44,2265557149,9/13/2023,0.124162352,65.34490176,3.313543499,1.589189454,54.54676967,1,0.27,0.73,Kup,0.001241623523611013,1.0,0.001241623523611013
9/14/2023,4505.1,2273685163,9/14/2023,0.842988378,90.30528802,6.065869268,2.484525417,69.90018233,1,0.25,0.75,Kup,0.008429883781315706,1.0,0.008429883781315706
9/15/2023,4450.32,4239330106,9/15/2023,-1.215955251,20.62818336,3.783208611,2.744262056,56.39166691,0,0.86,0.14,Sprzedaj,-0.012159552507158722,-1.0,0.012159552507158722
9/18/2023,4453.53,1925329039,9/18/2023,0.072129645,4.904507257,2.207754153,2.636960475,53.1147945,1,0.26,0.74,Kup,0.0007212964460983073,1.0,0.0007212964460983073
9/19/2023,4443.95,2013002833,9/19/2023,-0.215110261,0.0,0.184047621,2.146377904,40.05336496,0,1.0,0.0,Sprzedaj,-0.0021511026084926055,-1.0,0.0021511026084926055
9/20/2023,4402.2,1981250299,9/20/2023,-0.939479517,0.0,-4.734059179,0.770290488,30.86121964,0,0.99,0.01,Sprzedaj,-0.009394795170962755,-1.0,0.009394795170962755
9/21/2023,4330.0,2292425252,9/21/2023,-1.640089046,0.0,-14.29287152,-2.242341915,25.27967941,0,1.0,0.0,Sprzedaj,-0.016400890463858953,-1.0,0.016400890463858953
9/22/2023,4320.06,2131667228,9/22/2023,-0.229561201,0.0,-22.41202226,-6.276277984,22.9061107,0,0.99,0.01,Sprzedaj,-0.0022956120092377796,-1.0,0.0022956120092377796
9/25/2023,4337.44,1860152658,9/25/2023,0.402309227,9.39256377,-27.13133384,-10.44728916,27.8384917,1,0.41,0.59,Brak decyzji,0.00402309227186648,,
9/26/2023,4273.53,2130315512,9/26/2023,-1.473449777,0.0,-35.6178448,-15.48140029,25.52719484,0,0.99,0.01,Sprzedaj,-0.01473449776826885,-1.0,0.01473449776826885
9/27/2023,4274.51,2299352689,9/27/2023,0.022931862,0.423198169,-41.78274263,-20.74166875,26.68620153,1,0.18,0.82,Kup,0.0002293186195019281,1.0,0.0002293186195019281
9/28/2023,4299.7,2240204319,9/28/2023,0.589307312,11.30111845,-44.12717548,-25.4187701,30.15968817,1,0.21,0.79,Kup,0.005893073124170867,1.0,0.005893073124170867
9/29/2023,4288.05,2406132169,9/29/2023,-0.270949136,6.270242259,-46.39045278,-29.61310664,23.71549838,0,0.64,0.36,Sprzedaj,-0.002709491359862204,-1.0,0.002709491359862204
10/2/2023,4288.39,2374624170,10/2/2023,0.007929012,6.417066114,-47.6078871,-33.21206273,25.50055068,1,0.17,0.83,Kup,7.92901202177898e-05,1.0,7.92901202177898e-05
10/3/2023,4229.45,2421468261,10/3/2023,-1.374408578,0.0,-52.72094377,-37.11383894,20.79948958,0,0.99,0.01,Sprzedaj,-0.01374408577578079,-1.0,0.01374408577578079
10/4/2023,4263.75,2324498903,10/4/2023,0.810980151,15.3070332,-53.38990903,-40.36905295,20.14103674,1,0.29,0.71,Kup,0.008109801510834735,1.0,0.008109801510834735
10/5/2023,4258.19,2214792439,10/5/2023,-0.130401642,12.82577651,-53.74912787,-43.04506794,22.93409968,0,0.68,0.32,Sprzedaj,-0.0013040164174730196,-1.0,0.0013040164174730196
10/6/2023,4308.5,2489880710,10/6/2023,1.181487909,36.85314685,-49.40470812,-44.31699597,31.96278885,1,0.07,0.93,Kup,0.011814879091820885,1.0,0.011814879091820885
10/10/2023,4358.24,2166155537,10/10/2023,1.15446211,74.552822,-41.47008059,-43.7476129,40.30846469,1,0.13,0.87,Kup,0.011544621097829832,1.0,0.011544621097829832
10/11/2023,4376.95,2123886315,10/11/2023,0.429301736,100.0,-33.28836295,-41.65576291,46.98795181,1,0.01,0.99,Kup,0.004293017364807916,1.0,0.004293017364807916
10/12/2023,4349.61,2346632881,10/12/2023,-0.624635877,81.46440678,-28.6797994,-39.06057021,52.61962649,0,0.7,0.3,Sprzedaj,-0.006246358765807258,-1.0,0.006246358765807258
10/13/2023,4327.78,2302984817,10/13/2023,-0.501884077,66.66440678,-26.48369065,-36.54519429,50.9995339,0,0.71,0.29,Sprzedaj,-0.005018840769632216,-1.0,0.005018840769632216
10/16/2023,4373.63,2131763895,10/16/2023,1.059434629,97.74915254,-20.80373433,-33.3969023,54.36392138,1,0.2,0.8,Kup,0.010594346293018697,1.0,0.010594346293018697
10/17/2023,4373.2,2356409078,10/17/2023,-0.00983165,97.45762712,-16.1508485,-29.94769154,64.1911325,0,0.9,0.1,Sprzedaj,-9.831650139591197e-05,-1.0,9.831650139591197e-05
10/18/2023,4314.6,2398222110,10/18/2023,-1.339979877,57.72881356,-16.99601375,-27.35735598,54.90349568,0,0.81,0.19,Sprzedaj,-0.013399798774352711,-1.0,0.013399798774352711
10/19/2023,4278.0,2651568444,10/19/2023,-0.848282575,32.91525424,-20.38415161,-25.96271511,47.41789624,0,0.83,0.17,Sprzedaj,-0.00848282575441528,-1.0,0.00848282575441528
10/20/2023,4224.16,2734214474,10/20/2023,-1.258532024,0.0,-27.10130632,-26.19043335,43.09132983,0,0.99,0.01,Sprzedaj,-0.012585320243104325,-1.0,0.012585320243104325
10/23/2023,4217.04,2453362856,10/23/2023,-0.168554221,0.0,-32.62316479,-27.47697964,42.39614639,0,0.99,0.01,Sprzedaj,-0.001685542214310054,-1.0,0.001685542214310054
10/24/2023,4247.68,2494717609,10/24/2023,0.726575987,19.16077794,-34.13341669,-28.80826705,52.06750289,1,0.59,0.41,Brak decyzji,0.00726575986948208,,
10/25/2023,4186.77,2679078988,10/25/2023,-1.433959244,0.0,-39.78659506,-31.00393265,41.76649268,0,0.99,0.01,Sprzedaj,-0.014339592436341642,-1.0,0.014339592436341642
10/26/2023,4137.23,3005920212,10/26/2023,-1.18325105,0.0,-47.71422375,-34.34599087,38.17502835,0,1.0,0.0,Sprzedaj,-0.01183251050332379,-1.0,0.01183251050332379
10/27/2023,4117.37,2806304532,10/27/2023,-0.480031325,0.0,-54.96585052,-38.4699628,30.13242968,0,1.0,0.0,Sprzedaj,-0.004800313253070176,-1.0,0.004800313253070176
10/30/2023,4166.82,2612198547,10/30/2023,1.201009382,19.05000385,-56.07620368,-41.99121098,30.09028124,1,0.43,0.57,Brak decyzji,0.012010093822027113,,
10/31/2023,4193.8,2707294939,10/31/2023,0.647496172,29.82517755,-54.15484272,-44.42393733,31.27262316,1,0.07,0.93,Kup,0.006474961721408823,1.0,0.006474961721408823
11/1/2023,4237.86,2816162441,11/1/2023,1.050598503,47.01865293,-48.5175959,-45.24266904,38.95117755,1,0.07,0.93,Kup,0.010505985025513809,1.0,0.010505985025513809
11/2/2023,4317.78,2832866448,11/2/2023,1.885857485,78.20572856,-37.17265784,-43.6286668,49.1131607,1,0.26,0.74,Kup,0.018858574846738696,1.0,0.018858574846738696
11/3/2023,4358.34,2684012374,11/3/2023,0.939371622,94.19145526,-24.62499802,-39.82793304,48.63117939,1,0.12,0.88,Kup,0.009393716215277292,1.0,0.009393716215277292
11/6/2023,4365.98,2179931864,11/6/2023,0.175296099,100.0,-13.90412496,-34.64317143,49.36187513,1,0.03,0.97,Kup,0.0017529609897344312,1.0,0.0017529609897344312
11/7/2023,4378.38,2281729918,11/7/2023,0.284014127,100.0,-4.356955185,-28.58592818,56.13835848,1,0.0,1.0,Kup,0.0028401412741241305,1.0,0.0028401412741241305
11/8/2023,4382.78,2290395761,11/8/2023,0.10049379,100.0,3.523670196,-22.1640085,60.75063613,1,0.0,1.0,Kup,0.0010049378994057,1.0,0.0010049378994057
11/9/2023,4347.35,2359322477,11/9/2023,-0.808391021,86.65084209,6.831468769,-16.36491305,63.13578299,0,0.93,0.07,Sprzedaj,-0.008083910212239531,-1.0,0.008083910212239531
11/10/2023,4415.24,2250329104,11/10/2023,1.561641,100.0,14.76092385,-10.13974567,68.70940945,1,0.0,1.0,Kup,0.01561640999689451,1.0,0.01561640999689451
11/13/2023,4411.55,1990746804,11/13/2023,-0.083574166,98.76120455,20.51088525,-4.009619487,66.29801285,0,0.95,0.05,Sprzedaj,-0.0008357416584374722,-1.0,0.0008357416584374722
11/14/2023,4495.7,2683327879,11/14/2023,1.907492831,100.0,31.49491899,3.091288208,79.36764454,1,0.0,1.0,Kup,0.01907492831317792,1.0,0.01907492831317792
11/15/2023,4502.88,2571112283,11/15/2023,0.159708166,100.0,40.31449051,10.53592867,87.80422241,1,0.0,1.0,Kup,0.001597081655804411,1.0,0.001597081655804411
11/16/2023,4508.24,2502760821,11/16/2023,0.119034929,100.0,47.19256517,17.86725597,91.6608045,1,0.0,1.0,Kup,0.0011903492875668942,1.0,0.0011903492875668942
11/17/2023,4514.02,2272264722,11/17/2023,0.128209678,100.0,52.50464571,24.79473392,90.80481384,1,0.0,1.0,Kup,0.0012820967827800178,1.0,0.0012820967827800178
11/20/2023,4547.38,2181326784,11/20/2023,0.739030842,100.0,58.72938522,31.58166418,90.94066972,1,0.0,1.0,Kup,0.007390308416887814,1.0,0.007390308416887814
11/21/2023,4538.19,2063417712,11/21/2023,-0.202094393,95.99738676,62.20393172,37.70611769,87.82970147,0,0.97,0.03,Sprzedaj,-0.002020943928152108,-1.0,0.002020943928152108
11/22/2023,4556.62,1886708097,11/22/2023,0.406109043,100.0,65.68747749,43.30238965,85.59887915,1,0.0,1.0,Kup,0.004061090434732906,1.0,0.004061090434732906
11/24/2023,4559.34,891720277,11/24/2023,0.059693369,100.0,67.88515605,48.21894293,83.76789194,1,0.0,1.0,Kup,0.0005969336920788049,1.0,0.0005969336920788049
11/27/2023,4550.43,2024029146,11/27/2023,-0.195423022,95.79697156,68.12259473,52.19967329,80.85583325,0,0.95,0.05,Sprzedaj,-0.001954230217531494,-1.0,0.001954230217531494
11/28/2023,4554.89,2097781469,11/28/2023,0.098012715,97.90084438,67.88807981,55.33735459,80.33339062,1,0.31,0.69,Kup,0.0009801271528184774,1.0,0.0009801271528184774
11/29/2023,4550.58,2434604114,11/29/2023,-0.09462358,95.86772961,66.58687204,57.58725808,78.84549268,0,0.9,0.1,Sprzedaj,-0.0009462358037187757,-1.0,0.0009462358037187757
11/30/2023,4567.8,3550309990,11/30/2023,0.378413301,100.0,66.18225773,59.30625801,90.42728773,1,0.0,1.0,Kup,0.0037841330116161753,1.0,0.0037841330116161753
12/1/2023,4594.63,2544483462,12/1/2023,0.587372477,100.0,67.25132336,60.89527108,88.73008334,1,0.0,1.0,Kup,0.005873724769035471,1.0,0.005873724769035471
12/4/2023,4569.78,2490316718,12/4/2023,-0.540848773,74.88122915,65.34017736,61.78425234,81.3016815,0,0.76,0.24,Sprzedaj,-0.005408487734594569,-1.0,0.005408487734594569
12/5/2023,4567.18,2338779937,12/5/2023,-0.056895518,70.08174387,62.89081593,62.00556506,70.87616822,0,0.92,0.08,Sprzedaj,-0.0005689551794614278,-1.0,0.0005689551794614278
12/6/2023,4549.34,2403741486,12/6/2023,-0.390613026,47.5749508,58.83196221,61.37084449,62.77356208,0,0.94,0.06,Sprzedaj,-0.0039061302598102365,-1.0,0.0039061302598102365
12/7/2023,4585.59,2469802159,12/7/2023,0.796818879,88.78551048,57.87323679,60.67132295,68.1786134,1,0.26,0.74,Kup,0.007968188792220499,1.0,0.007968188792220499
12/8/2023,4604.37,2333925302,12/8/2023,0.40954381,100.0,57.96069424,60.12919721,70.0110742,1,0.0,1.0,Kup,0.004095438100658821,1.0,0.004095438100658821
12/11/2023,4622.44,2434162631,12/11/2023,0.392453256,100.0,58.81017578,59.86539292,67.8323672,1,0.01,0.99,Kup,0.003924532563629679,1.0,0.003924532563629679
12/12/2023,4643.7,2365341118,12/12/2023,0.459930253,100.0,60.50147697,59.99260973,73.70691592,1,0.0,1.0,Kup,0.004599302532861449,1.0,0.004599302532861449
12/13/2023,4707.09,3014960633,12/13/2023,1.365075263,100.0,66.19384712,61.23285721,78.12628509,1,0.0,1.0,Kup,0.013650752632599072,1.0,0.013650752632599072
12/14/2023,4719.55,3872955047,12/14/2023,0.26470707,100.0,70.89329556,63.16494488,78.89478051,1,0.0,1.0,Kup,0.002647070695482867,1.0,0.002647070695482867
12/15/2023,4719.19,5311921335,12/15/2023,-0.007627846,99.78849656,73.73858085,65.27967207,81.40538931,0,0.53,0.47,Brak decyzji,-7.627845875146644e-05,,
12/18/2023,4740.56,2434634036,12/18/2023,0.452831948,100.0,76.83219661,67.59017698,82.50639028,1,0.0,1.0,Kup,0.00452831947855481,1.0,0.00452831947855481
12/19/2023,4768.37,2325208666,12/19/2023,0.586639553,100.0,80.5988506,70.1919117,85.23083891,1,0.0,1.0,Kup,0.005866395531329616,1.0,0.005866395531329616
12/20/2023,4698.35,2485662722,12/20/2023,-1.468426318,68.03177647,77.04578633,71.56268663,68.03724889,0,0.91,0.09,Sprzedaj,-0.014684263175886003,-1.0,0.014684263175886003
12/21/2023,4746.75,2154794168,12/21/2023,1.030148882,90.12920604,77.24500052,72.69914941,69.8351849,1,0.19,0.81,Kup,0.01030148882054327,1.0,0.01030148882054327
12/22/2023,4754.63,1743793044,12/22/2023,0.166008321,93.72688673,77.1493991,73.58919935,75.21896914,1,0.17,0.83,Kup,0.0016600832148312428,1.0,0.0016600832148312428
12/26/2023,4774.75,1447990937,12/26/2023,0.423166471,100.0,77.80031652,74.43142278,77.02663993,1,0.0,1.0,Kup,0.0042316647141837915,1.0,0.0042316647141837915
12/27/2023,4781.58,1611192991,12/27/2023,0.143044138,100.0,77.96852456,75.13884314,81.13136729,1,0.0,1.0,Kup,0.001430441384365766,1.0,0.001430441384365766
12/28/2023,4783.35,1482518840,12/28/2023,0.037017053,100.0,77.35297788,75.58167008,79.20950018,1,0.0,1.0,Kup,0.0003701705294067992,1.0,0.0003701705294067992
12/29/2023,4769.83,1742503214,12/29/2023,-0.282647099,91.59778758,74.91067802,75.44747167,74.82446138,0,0.78,0.22,Sprzedaj,-0.0028264709879060046,-1.0,0.0028264709879060046
1/2/2024,4742.83,2438700029,1/2/2024,-0.56605791,70.98460437,69.98966613,74.35591056,67.59110436,0,0.89,0.11,Sprzedaj,-0.0056605790982068305,-1.0,0.0056605790982068305
1/3/2024,4704.81,2459537218,1/3/2024,-0.801631094,7.6,62.30363498,71.94545545,58.51232762,0,0.68,0.32,Sprzedaj,-0.008016310936719062,-1.0,0.008016310936719062
1/4/2024,4688.68,2371772728,1/4/2024,-0.342840625,0.0,54.28507912,68.41338018,47.04674516,0,0.97,0.03,Sprzedaj,-0.003428406248073834,-1.0,0.003428406248073834
1/5/2024,4697.24,2211672077,1/5/2024,0.182567375,9.041935143,48.06695041,64.34409423,46.37577569,1,0.74,0.26,Sprzedaj,0.001825673750394552,-1.0,-0.001825673750394552
1/8/2024,4763.54,2311628659,1/8/2024,1.411467159,79.07468047,47.93631452,61.06253829,55.93342788,1,0.25,0.75,Kup,0.014114671594383177,1.0,0.014114671594383177
1/9/2024,4756.5,2241198577,1/9/2024,-0.147789249,71.63832259,46.72608624,58.19524788,52.21758486,0,0.86,0.14,Sprzedaj,-0.001477892491718369,-1.0,0.001477892491718369
1/10/2024,4783.45,2165979629,1/10/2024,0.566593083,100.0,47.39526822,56.03525195,52.10297317,1,0.0,1.0,Kup,0.005665930831493693,1.0,0.005665930831493693
1/11/2024,4780.24,2320989197,1/11/2024,-0.067106377,96.61285217,47.12337071,54.2528757,64.03523806,0,0.78,0.22,Sprzedaj,-0.000671063771963798,-1.0,0.000671063771963798
1/12/2024,4783.83,2251917810,1/12/2024,0.075100832,100.0,46.65970889,52.73424234,57.50850478,1,0.0,1.0,Kup,0.0007510083175741311,1.0,0.0007510083175741311
1/16/2024,4765.98,2601533887,1/16/2024,-0.373131988,81.24014714,44.34077488,51.05554885,52.20911674,0,0.82,0.18,Sprzedaj,-0.0037313198838587747,-1.0,0.0037313198838587747
1/17/2024,4739.21,2323282256,1/17/2024,-0.561689306,53.1056227,39.8831397,48.82106702,43.25719056,0,0.78,0.22,Sprzedaj,-0.0056168930629166836,-1.0,0.0056168930629166836
1/18/2024,4780.94,2595424433,1/18/2024,0.880526501,96.96269049,39.26507065,46.90986774,49.89277577,1,0.22,0.78,Kup,0.00880526501252299,1.0,0.00880526501252299
1/19/2024,4839.81,2778139489,1/19/2024,1.23134781,100.0,43.02954566,46.13380333,57.94003488,1,0.0,1.0,Kup,0.012313478102632613,1.0,0.012313478102632613
1/22/2024,4850.43,2674489114,1/22/2024,0.219430102,100.0,46.33573497,46.17418965,61.4280853,1,0.0,1.0,Kup,0.002194301015948863,1.0,0.002194301015948863
1/23/2024,4864.6,2409552852,1/23/2024,0.292139047,100.0,49.52838203,46.84502813,67.91736559,1,0.0,1.0,Kup,0.0029213904746590025,1.0,0.0029213904746590025
1/24/2024,4868.55,2709582602,1/24/2024,0.081198865,100.0,51.7804174,47.83210598,76.77765422,1,0.0,1.0,Kup,0.0008119886527155895,1.0,0.0008119886527155895
1/25/2024,4894.16,2925824199,1/25/2024,0.526029311,100.0,54.99770531,49.26522585,82.59310957,1,0.0,1.0,Kup,0.005260293105750158,1.0,0.005260293105750158
1/26/2024,4890.97,2391994169,1/26/2024,-0.065179724,97.94127138,56.63714506,50.73960969,81.26190092,0,0.85,0.15,Sprzedaj,-0.0006517972440622799,-1.0,0.0006517972440622799
1/29/2024,4927.93,2318280410,1/29/2024,0.755678321,100.0,60.22454493,52.63659674,79.30198567,1,0.0,1.0,Kup,0.007556783214781593,1.0,0.007556783214781593
1/30/2024,4924.97,2599908804,1/30/2024,-0.060065788,98.43153879,62.11274089,54.53182557,80.47245234,0,0.87,0.13,Sprzedaj,-0.000600657882721567,-1.0,0.000600657882721567
1/31/2024,4845.65,3304847212,1/31/2024,-1.610568186,56.40101738,56.55673783,54.93680802,59.45863747,0,0.98,0.02,Sprzedaj,-0.01610568186202166,-1.0,0.01610568186202166
2/1/2024,4906.19,2850372778,2/1/2024,1.24936799,88.48028826,56.38862446,55.22717131,66.30927408,1,0.84,0.16,Sprzedaj,0.012493679898465615,-1.0,-0.012493679898465615
2/2/2024,4958.61,2805437389,2/2/2024,1.068446187,100.0,59.79595872,56.14092879,70.09150267,1,0.0,1.0,Kup,0.01068446187367389,1.0,0.01068446187367389
2/5/2024,4942.81,2594978093,2/5/2024,-0.318637683,92.79854148,60.52368831,57.0174807,70.42341364,0,0.89,0.11,Sprzedaj,-0.00318637682737688,-1.0,0.00318637682737688
2/6/2024,4954.23,2488633314,2/6/2024,0.231042666,97.53475545,61.31511534,57.87700762,75.74719801,1,0.68,0.32,Sprzedaj,0.002310426660138587,-1.0,-0.002310426660138587
2/7/2024,4995.06,2600464337,2/7/2024,0.824144216,100.0,64.49352551,59.2003112,75.69481112,1,0.0,1.0,Kup,0.008241442161546875,1.0,0.008241442161546875
2/8/2024,4997.91,2439217345,2/8/2024,0.057056372,100.0,66.47611438,60.65547184,71.91936557,1,0.0,1.0,Kup,0.0005705637169521882,1.0,0.0005705637169521882
2/9/2024,5026.61,2314039033,2/9/2024,0.574240032,100.0,69.56132088,62.43664165,73.25992818,1,0.0,1.0,Kup,0.005742400323335062,1.0,0.005742400323335062
2/12/2024,5021.84,2243585026,2/12/2024,-0.094894969,97.36405836,70.80527104,64.11036752,71.28777212,0,0.86,0.14,Sprzedaj,-0.0009489496897510108,-1.0,0.0009489496897510108
2/13/2024,4953.17,2596243811,2/13/2024,-1.367427079,59.41644562,65.49502947,64.38729991,59.7479495,0,0.97,0.03,Sprzedaj,-0.013674270785210219,-1.0,0.013674270785210219
2/14/2024,5000.62,2324738755,2/14/2024,0.957972369,85.63770999,64.37338688,64.38451731,61.67631833,1,0.87,0.13,Sprzedaj,0.00957972369210025,-1.0,-0.00957972369210025
2/15/2024,5029.73,2448592265,2/15/2024,0.582127816,100.0,65.08317246,64.52424834,64.40016604,1,0.0,1.0,Kup,0.0058212781615079034,1.0,0.0058212781615079034
2/16/2024,5005.57,2321398576,2/16/2024,-0.480343875,86.87527162,62.97029026,64.21345672,58.2771855,0,0.9,0.1,Sprzedaj,-0.004803438753173572,-1.0,0.004803438753173572
2/20/2024,4975.51,2479202447,2/20/2024,-0.600531008,70.54541504,58.19933935,63.01063325,55.0937311,0,0.89,0.11,Sprzedaj,-0.006005310084565729,-1.0,0.006005310084565729
2/21/2024,4981.8,2285353273,2/21/2024,0.126419201,61.20284928,54.2999409,61.26849478,66.09071785,1,0.3,0.7,Kup,0.0012641920124771833,1.0,0.0012641920124771833
2/22/2024,5087.03,2587708301,2/22/2024,2.112288731,100.0,59.02046985,60.81888979,69.33042586,1,0.0,1.0,Kup,0.021122887309807714,1.0,0.021122887309807714
2/23/2024,5088.8,2261782711,2/23/2024,0.034794369,100.0,62.18748861,61.09260955,65.60619501,1,0.0,1.0,Kup,0.00034794369209545373,1.0,0.00034794369209545373
2/26/2024,5069.53,2259650376,2/26/2024,-0.378674737,85.79222886,62.4228738,61.3586624,65.06491036,0,0.89,0.11,Sprzedaj,-0.0037867473667663187,-1.0,0.0037867473667663187
2/27/2024,5078.18,2154332795,2/27/2024,0.170627257,92.16987392,62.58594911,61.60411974,64.83329743,1,0.34,0.66,Kup,0.0017062725735916828,1.0,0.0017062725735916828
2/28/2024,5069.76,2091422108,2/28/2024,-0.165807435,85.96180786,61.32880356,61.54905651,59.69122989,0,0.96,0.04,Sprzedaj,-0.0016580743494716277,-1.0,0.0016580743494716277
2/29/2024,5096.27,3317173868,2/29/2024,0.522904437,100.0,61.75971456,61.59118812,62.02268616,1,0.0,1.0,Kup,0.005229044372909275,1.0,0.005229044372909275
3/1/2024,5137.08,2477695327,3/1/2024,0.800781748,100.0,64.64900705,62.2027519,63.11465679,1,0.0,1.0,Kup,0.008007817482197588,1.0,0.008007817482197588
3/4/2024,5130.95,2818607654,3/4/2024,-0.11932849,96.66684791,65.68695409,62.89959234,62.91150924,0,0.75,0.25,Sprzedaj,-0.0011932849011501157,-1.0,0.0011932849011501157
3/5/2024,5078.65,2679706658,3/5/2024,-1.019304417,63.83610819,61.5795114,62.63557615,65.44711444,0,0.65,0.35,Sprzedaj,-0.010193044173106403,-1.0,0.010193044173106403
3/6/2024,5104.76,2601927495,3/6/2024,0.514113002,79.99628644,59.74251772,62.05696447,63.53100151,1,0.31,0.69,Kup,0.005141130024711504,1.0,0.005141130024711504
3/7/2024,5157.36,2385022115,3/7/2024,1.030410832,100.0,61.81846263,62.0092641,65.62905635,1,0.0,1.0,Kup,0.010304108322428451,1.0,0.010304108322428451
3/8/2024,5123.69,2426961467,3/8/2024,-0.652853398,81.48474017,60.05450537,61.61831235,64.13527356,0,0.84,0.16,Sprzedaj,-0.00652853397862474,-1.0,0.00652853397862474
3/11/2024,5117.94,2202734060,3/11/2024,-0.112223807,77.54613807,57.52941629,60.80053314,68.09737999,0,0.91,0.09,Sprzedaj,-0.001122238074512727,-1.0,0.001122238074512727
3/12/2024,5175.27,2310772429,3/12/2024,1.120177259,100.0,59.46879759,60.53418603,71.76020695,1,0.0,1.0,Kup,0.011201772588189884,1.0,0.011201772588189884
3/13/2024,5165.31,2415696749,3/13/2024,-0.192453727,90.58066957,59.51601886,60.3305526,61.2059093,0,0.84,0.16,Sprzedaj,-0.001924537270519222,-1.0,0.001924537270519222
3/14/2024,5150.48,2640696835,3/14/2024,-0.287107647,76.55570267,57.69175042,59.80279216,58.51134294,0,0.86,0.14,Sprzedaj,-0.002871076469757039,-1.0,0.002871076469757039
3/15/2024,5117.09,5130706705,3/15/2024,-0.648289092,44.85830727,52.94143468,58.43052066,56.31674016,0,0.89,0.11,Sprzedaj,-0.006482890915021411,-1.0,0.006482890915021411
3/18/2024,5149.42,2399639733,3/18/2024,0.631804404,75.49995261,51.19538748,56.98349403,58.90188434,1,0.1,0.9,Kup,0.006318044044564486,1.0,0.006318044044564486
3/19/2024,5178.51,2203396793,3/19/2024,0.564917991,100.0,51.56454836,55.89970489,62.92150852,1,0.0,1.0,Kup,0.005649179907640134,1.0,0.005649179907640134
3/20/2024,5224.62,2325178060,3/20/2024,0.890410562,100.0,54.94443739,55.70865139,64.57164915,1,0.0,1.0,Kup,0.008904105621114988,1.0,0.008904105621114988
3/21/2024,5241.53,2526285033,3/21/2024,0.323659903,100.0,58.31529703,56.22998052,62.53871456,1,0.0,1.0,Kup,0.0032365990253835353,1.0,0.0032365990253835353
3/22/2024,5234.18,2016955324,3/22/2024,-0.140226232,95.48747544,59.70539735,56.92506389,62.35606732,0,0.98,0.02,Sprzedaj,-0.0014022623165372838,-1.0,0.0014022623165372838
3/25/2024,5218.19,2087907897,3/25/2024,-0.305491978,82.93485413,58.83854835,57.30776078,68.29217136,0,0.86,0.14,Sprzedaj,-0.0030549197773100945,-1.0,0.0030549197773100945
3/26/2024,5203.58,2263813090,3/26/2024,-0.279982139,69.50337512,56.32339829,57.11088828,63.35694204,0,0.98,0.02,Sprzedaj,-0.0027998213940082506,-1.0,0.0027998213940082506
3/27/2024,5248.49,2286418193,3/27/2024,0.863059663,100.0,57.29354114,57.14741885,62.57902438,1,0.0,1.0,Kup,0.008630596627706266,1.0,0.008630596627706266
3/28/2024,5254.35,2404021251,3/28/2024,0.111651161,100.0,57.86817112,57.29156931,69.53531487,1,0.0,1.0,Kup,0.001116511606195525,1.0,0.001116511606195525
4/1/2024,5243.77,1976432105,4/1/2024,-0.201356971,92.29200058,56.81492484,57.19624041,68.54532056,0,0.97,0.03,Sprzedaj,-0.0020135697089078697,-1.0,0.0020135697089078697
4/2/2024,5205.81,2374146858,4/2/2024,-0.723906655,64.63645636,52.31412021,56.21981637,54.77366512,0,0.93,0.07,Sprzedaj,-0.00723906654944817,-1.0,0.00723906654944817
4/3/2024,5211.49,2287219066,4/3/2024,0.109108861,68.77458837,48.64478188,54.70480947,57.31622307,1,0.18,0.82,Kup,0.0010910886106099138,1.0,0.0010910886106099138
4/4/2024,5147.21,2526870842,4/4/2024,-1.233428444,21.94375637,40.08783838,51.78141526,49.55211615,0,0.4,0.6,Brak decyzji,-0.012334284436888443,,
4/5/2024,5204.34,2189563251,4/5/2024,1.109921686,53.32275527,37.48421782,48.92197577,61.22071041,1,0.35,0.65,Kup,0.011099216857287653,1.0,0.011099216857287653
4/8/2024,5202.39,2000910024,4/8/2024,-0.037468728,51.50270674,34.86161804,46.10990422,57.38958176,0,0.82,0.18,Sprzedaj,-0.00037468728023148934,-1.0,0.00037468728023148934
4/9/2024,5209.91,2035068912,4/9/2024,0.144548948,58.52156057,33.00947726,43.48981883,54.66096663,1,0.21,0.79,Kup,0.0014454894769517779,1.0,0.0014454894769517779
4/10/2024,5160.64,2297703488,4/10/2024,-0.945697718,12.53500093,27.25182306,40.24221968,40.59117647,0,0.84,0.16,Sprzedaj,-0.009456977183866844,-1.0,0.009456977183866844
4/11/2024,5199.06,2225501129,4/11/2024,0.744481305,48.39462386,25.49512165,37.29280007,44.12602694,1,0.26,0.74,Kup,0.007444813046443954,1.0,0.007444813046443954
4/12/2024,5123.41,2437575759,4/12/2024,-1.455070724,0.0,17.7934881,33.39293768,37.11407366,0,1.0,0.0,Sprzedaj,-0.014550707243232486,-1.0,0.014550707243232486
4/15/2024,5061.82,2319451668,4/15/2024,-1.202129051,0.0,6.643507535,28.04305165,33.55419533,0,1.0,0.0,Sprzedaj,-0.012021290507689297,-1.0,0.012021290507689297
4/16/2024,5051.41,2347349557,4/16/2024,-0.205657254,0.0,-2.998369062,21.83476751,33.85327137,0,0.99,0.01,Sprzedaj,-0.002056572537150636,-1.0,0.002056572537150636
4/17/2024,5022.21,2295627862,4/17/2024,-0.578056424,0.0,-12.84772116,14.89826977,25.16136114,0,0.99,0.01,Sprzedaj,-0.005780564238499708,-1.0,0.005780564238499708
4/18/2024,5011.12,2217368600,4/18/2024,-0.220819121,0.0,-21.30270961,7.658073897,23.60384607,0,0.99,0.01,Sprzedaj,-0.0022081912146246774,-1.0,0.0022081912146246774
4/19/2024,4967.23,2735280288,4/19/2024,-0.875852105,0.0,-31.18541896,-0.110624675,22.01238766,0,0.99,0.01,Sprzedaj,-0.00875852104918673,-1.0,0.00875852104918673
4/22/2024,5010.6,2352808739,4/22/2024,0.873122445,17.75567019,-35.11317793,-7.111135325,30.45750325,1,0.46,0.54,Brak decyzji,0.008731224445012842,,
4/23/2024,5070.55,2346599683,4/23/2024,1.196463497,42.57458381,-33.0079956,-12.29050738,37.27335115,1,0.28,0.72,Kup,0.01196463497385536,1.0,0.01196463497385536
4/24/2024,5071.63,2548618761,4/24/2024,0.021299465,43.01961431,-30.89632289,-16.01167048,42.29593085,1,0.16,0.84,Kup,0.0002129946455513565,1.0,0.0002129946455513565
4/25/2024,5048.42,2714067024,4/25/2024,-0.457643795,33.45557936,-30.74129358,-18.9575951,32.92597459,0,0.71,0.29,Sprzedaj,-0.004576437949929346,-1.0,0.004576437949929346
4/26/2024,5099.96,2411681661,4/26/2024,1.020913474,54.69342344,-26.15805075,-20.39768623,39.88225765,1,0.03,0.97,Kup,0.010209134739185721,1.0,0.010209134739185721
4/29/2024,5116.17,2358542839,4/29/2024,0.31784563,64.2453522,-20.97598812,-20.51334661,40.89690802,1,0.07,0.93,Kup,0.003178456301617949,1.0,0.003178456301617949
4/30/2024,5035.69,2794500429,4/30/2024,-1.573051716,29.53025924,-23.09698192,-21.03007367,38.55957809,0,0.77,0.23,Sprzedaj,-0.015730517164206925,-1.0,0.015730517164206925
5/1/2024,5018.39,2897659203,5/1/2024,-0.343547756,32.75707517,-25.87557272,-21.99917348,32.79235004,0,0.47,0.53,Brak decyzji,-0.003435477561168243,,
5/2/2024,5064.2,2623809616,5/2/2024,0.912842565,65.1067544,-24.10329402,-22.41999759,44.02076222,1,0.04,0.96,Kup,0.009128425650457572,1.0,0.009128425650457572
5/3/2024,5127.79,2454686447,5/3/2024,1.255677106,100.0,-17.36736861,-21.40947179,56.63508539,1,0.01,0.99,Kup,0.012556771059594851,1.0,0.012556771059594851
5/6/2024,5180.74,2196280800,5/6/2024,1.03260859,100.0,-7.668083821,-18.6611942,61.98232253,1,0.0,1.0,Kup,0.010326085896653403,1.0,0.010326085896653403
5/7/2024,5187.7,2293458854,5/7/2024,0.134343742,100.0,0.573670175,-14.81422132,65.99153509,1,0.0,1.0,Kup,0.0013434374239973401,1.0,0.0013434374239973401
5/8/2024,5187.67,2107757418,5/8/2024,-0.000578291,99.98639271,7.02195413,-10.44698623,67.43290479,0,0.63,0.37,Sprzedaj,-5.782909574536532e-06,-1.0,5.782909574536532e-06
5/9/2024,5214.08,1975552229,5/9/2024,0.50909175,100.0,14.10078681,-5.537431624,75.24596535,1,0.0,1.0,Kup,0.005090917502462489,1.0,0.005090917502462489
5/10/2024,5222.68,1878510189,5/10/2024,0.164938014,100.0,20.17222795,-0.395499709,73.35065621,1,0.0,1.0,Kup,0.0016493801399288799,1.0,0.0016493801399288799
5/13/2024,5221.42,1961589631,5/13/2024,-0.024125545,99.38322972,24.59865929,4.603332092,69.07670131,0,0.91,0.09,Sprzedaj,-0.00024125544739483917,-1.0,0.00024125544739483917
5/14/2024,5246.68,2035819885,5/14/2024,0.483776444,100.0,29.80137719,9.642941112,70.85865446,1,0.0,1.0,Kup,0.004837764439558523,1.0,0.004837764439558523
5/15/2024,5308.15,2316274995,5/15/2024,1.171598039,100.0,38.44155358,15.40266361,78.36285409,1,0.0,1.0,Kup,0.011715980391409309,1.0,0.011715980391409309
5/16/2024,5297.1,2208658193,5/16/2024,-0.208170455,96.18649917,43.89136069,21.10040302,73.61636878,0,0.82,0.18,Sprzedaj,-0.0020817045486656305,-1.0,0.0020817045486656305
5/17/2024,5303.27,1970449920,5/17/2024,0.116478828,98.3158476,48.15315986,26.51095439,72.96607257,1,0.23,0.77,Kup,0.0011647882803798026,1.0,0.0011647882803798026
5/20/2024,5308.13,1850085770,5/20/2024,0.091641572,99.99309774,51.33111466,31.47498644,91.06475341,1,0.53,0.47,Brak decyzji,0.0009164157208665369,,
5/21/2024,5321.41,1989595940,5/21/2024,0.250182268,100.0,54.29536854,36.03906286,96.2343607,1,0.02,0.98,Kup,0.0025018226757822504,1.0,0.0025018226757822504
5/22/2024,5307.01,2094854091,5/22/2024,-0.270604971,92.56275178,54.85032108,39.80131451,90.97505822,0,0.98,0.02,Sprzedaj,-0.002706049712388192,-1.0,0.002706049712388192
5/23/2024,5267.84,2298491779,5/23/2024,-0.738080388,61.91796403,51.53536571,42.14812475,75.75679553,0,0.79,0.21,Sprzedaj,-0.0073808038801509435,-1.0,0.0073808038801509435
5/24/2024,5304.72,1742668171,5/24/2024,0.700097194,87.52056229,51.29287514,43.97707482,74.23377639,1,0.11,0.89,Kup,0.007000971935366307,1.0,0.007000971935366307
5/28/2024,5306.04,2121768716,5/28/2024,0.0248835,88.50755197,50.6236546,45.30639078,73.65286217,1,0.1,0.9,Kup,0.00024883499977379486,1.0,0.00024883499977379486
5/29/2024,5266.95,2262811675,5/29/2024,-0.736707601,49.25929377,46.40413818,45.52594026,63.70582947,0,0.65,0.35,Sprzedaj,-0.007367076011488782,-1.0,0.007367076011488782
5/30/2024,5235.48,2347065836,5/30/2024,-0.597499502,14.06140614,40.0589998,44.43255217,53.63599293,0,0.87,0.13,Sprzedaj,-0.005974995016091,-1.0,0.005974995016091
5/31/2024,5277.51,3926771337,5/31/2024,0.802791721,56.09560956,37.98404524,43.14285078,58.36562815,1,0.57,0.43,Brak decyzji,0.008027917211029578,,
6/3/2024,5283.4,2312234085,6/3/2024,0.111605663,55.76632142,36.39535952,41.79335253,59.32478787,1,0.61,0.39,Sprzedaj,0.001116056625188655,-1.0,-0.001116056625188655
6/4/2024,5291.34,2176202870,6/4/2024,0.150282015,65.00640056,35.36929112,40.50854025,57.08843883,1,0.2,0.8,Kup,0.0015028201536890773,1.0,0.0015028201536890773
6/5/2024,5354.03,2173890233,6/5/2024,1.184766052,100.0,39.16323421,40.23947904,57.25398432,1,0.0,1.0,Kup,0.011847660516995706,1.0,0.011847660516995706
6/6/2024,5352.96,2038598824,6/6/2024,-0.019984946,99.09742725,41.60403595,40.51239042,59.11970221,0,0.9,0.1,Sprzedaj,-0.0001998494591923805,-1.0,0.0001998494591923805
6/7/2024,5346.99,1873173209,6/7/2024,-0.11152708,94.06157739,42.56598563,40.92310946,57.14239038,0,0.8,0.2,Sprzedaj,-0.0011152708034434244,-1.0,0.0011152708034434244
6/10/2024,5360.79,2464401855,6/10/2024,0.258089131,100.0,43.93542215,41.525572,58.35873016,1,0.0,1.0,Kup,0.0025808913052016713,1.0,0.0025808913052016713
6/11/2024,5375.32,2345183455,6/11/2024,0.271042141,100.0,45.66674224,42.35380605,58.52332016,1,0.0,1.0,Kup,0.0027104214117694703,1.0,0.0027104214117694703
6/12/2024,5421.03,2719670709,6/12/2024,0.850367978,100.0,50.14915267,43.91287537,66.40292324,1,0.0,1.0,Kup,0.008503679780924589,1.0,0.008503679780924589
6/13/2024,5433.74,2422956962,6/13/2024,0.234457289,100.0,54.1034155,45.9509834,75.83307381,1,0.0,1.0,Kup,0.0023445728948188194,1.0,0.0023445728948188194
6/14/2024,5431.6,2263451050,6/14/2024,-0.039383555,98.9206093,56.41420928,48.04362857,72.15393211,0,0.92,0.08,Sprzedaj,-0.00039383555341243603,-1.0,0.00039383555341243603
6/17/2024,5473.23,2441679412,6/17/2024,0.766440828,100.0,60.90267496,50.61543785,75.590045,1,0.0,1.0,Kup,0.007664408277487045,1.0,0.007664408277487045
6/18/2024,5487.03,2464316280,6/18/2024,0.252136307,100.0,64.82608625,53.45756753,86.51204459,1,0.01,0.99,Kup,0.002521363070800975,1.0,0.002521363070800975
6/20/2024,5473.17,2911217741,6/20/2024,-0.252595667,93.38487973,66.05558414,55.97717085,91.88074849,0,0.92,0.08,Sprzedaj,-0.0025259566650810417,-1.0,0.0025259566650810417
6/21/2024,5464.62,5250419839,6/21/2024,-0.156216598,88.99474537,65.58404449,57.89854558,87.37864078,0,0.76,0.24,Sprzedaj,-0.001562165984246855,-1.0,0.001562165984246855
6/24/2024,5447.87,2784702853,6/24/2024,-0.306517196,79.98875773,63.13102574,58.94504161,81.48956538,0,0.82,0.18,Sprzedaj,-0.0030651719607218686,-1.0,0.0030651719607218686
6/25/2024,5469.3,2621644040,6/25/2024,0.393364746,87.33933162,62.19921873,59.59587703,82.39877658,1,0.3,0.7,Kup,0.003933647462219136,1.0,0.003933647462219136
6/26/2024,5477.9,2599403409,6/26/2024,0.157241329,93.48043416,61.44638738,59.9659791,78.08206756,1,0.4,0.6,Brak decyzji,0.0015724132887204867,,
6/27/2024,5482.87,2479600758,6/27/2024,0.090728199,97.02942017,60.55278576,60.08334044,78.93963021,1,0.19,0.81,Kup,0.0009072819876230209,1.0,0.0009072819876230209
6/28/2024,5460.48,4197548072,6/28/2024,-0.408362774,78.96863118,57.37651343,59.54197503,73.55835098,0,0.86,0.14,Sprzedaj,-0.004083627735109618,-1.0,0.004083627735109618
7/1/2024,5475.09,2433991467,7/1/2024,0.267558896,89.31161042,55.39958766,58.71349756,73.6469712,1,0.26,0.74,Kup,0.0026755889592124937,1.0,0.0026755889592124937
7/2/2024,5509.01,2342512009,7/2/2024,0.619533195,100.0,55.9252488,58.15584781,75.60424407,1,0.0,1.0,Kup,0.006195331948881222,1.0,0.006195331948881222
7/3/2024,5537.02,1561072809,7/3/2024,0.50843981,100.0,57.93418277,58.1115148,73.82997083,1,0.0,1.0,Kup,0.005084398104196586,1.0,0.005084398104196586
7/5/2024,5567.19,2263729908,7/5/2024,0.544877931,100.0,61.25463891,58.74013962,75.58179657,1,0.0,1.0,Kup,0.0054487793072806046,1.0,0.0054487793072806046
7/8/2024,5572.85,2332765276,7/8/2024,0.101667089,100.0,63.6095873,59.71402916,76.71647437,1,0.0,1.0,Kup,0.0010166708878267539,1.0,0.0010166708878267539
7/9/2024,5576.98,2413050509,7/9/2024,0.074109298,100.0,65.05919545,60.78306242,72.86753361,1,0.0,1.0,Kup,0.0007410929775606423,1.0,0.0007410929775606423
7/10/2024,5633.91,2301402646,7/10/2024,1.020803374,100.0,69.99493749,62.62543743,77.20201496,1,0.0,1.0,Kup,0.010208033738690059,1.0,0.010208033738690059
7/11/2024,5584.54,2887487972,7/11/2024,-0.876300828,73.46269619,69.12596117,63.92554218,68.22809257,0,0.95,0.05,Sprzedaj,-0.008763008283767415,-1.0,0.008763008283767415
7/12/2024,5615.35,2472649993,7/12/2024,0.551701662,90.02365083,70.11515681,65.16346511,72.99466056,1,0.19,0.81,Kup,0.005517016620885551,1.0,0.005517016620885551
7/15/2024,5631.22,2410721815,7/15/2024,0.282618181,98.44894194,71.35711741,66.40219557,78.04631811,1,0.49,0.51,Brak decyzji,0.002826181805230199,,
7/16/2024,5667.2,2528071451,7/16/2024,0.638937921,100.0,74.38717638,67.99919173,78.98189913,1,0.0,1.0,Kup,0.006389379210899104,1.0,0.006389379210899104
7/17/2024,5588.27,3173114918,7/17/2024,-1.39275127,61.81791796,69.61702683,68.32275875,63.40255009,0,0.73,0.27,Sprzedaj,-0.013927512704686507,-1.0,0.013927512704686507
7/18/2024,5544.59,2935073001,7/18/2024,-0.781637251,40.687887,61.60192931,66.97859286,56.85077476,0,0.51,0.49,Brak decyzji,-0.007816372508844482,,
7/19/2024,5505.0,2649224224,7/19/2024,-0.714029351,15.56920514,51.46210156,63.8752946,54.75986828,0,0.61,0.39,Sprzedaj,-0.007140293511332718,-1.0,0.007140293511332718
7/22/2024,5564.41,2525550865,7/22/2024,1.079200727,36.62762022,47.67058864,60.63435341,58.71482652,1,0.3,0.7,Kup,0.010792007266121617,1.0,0.010792007266121617
7/23/2024,5555.74,2425966152,7/23/2024,-0.155811667,31.28236745,43.46515158,57.20051304,54.79567332,0,0.62,0.38,Sprzedaj,-0.001558116673645582,-1.0,0.001558116673645582
7/24/2024,5427.13,3050597564,7/24/2024,-2.314903145,0.0,29.41547695,51.64350583,40.65259182,0,1.0,0.0,Sprzedaj,-0.023149031452155744,-1.0,0.023149031452155744
7/25/2024,5399.22,3529408636,7/25/2024,-0.514268131,0.0,15.84623925,44.48405251,35.65707455,0,1.0,0.0,Sprzedaj,-0.005142681306694263,-1.0,0.005142681306694263
7/26/2024,5459.1,2644512496,7/26/2024,1.109049085,22.34495112,9.811238321,37.54948967,41.11008644,1,0.1,0.9,Kup,0.011090490848678192,1.0,0.011090490848678192
7/29/2024,5463.54,2380028599,7/29/2024,0.081332088,24.00179118,5.325340294,31.1046598,41.13860767,1,0.22,0.78,Kup,0.000813320877067536,1.0,0.000813320877067536
7/30/2024,5436.44,3024984923,7/30/2024,-0.496015404,13.8890962,-0.411763179,24.8013752,33.82056534,0,0.88,0.12,Sprzedaj,-0.004960154039322595,-1.0,0.004960154039322595
7/31/2024,5522.3,3466915317,7/31/2024,1.579342364,45.92880066,1.947278411,20.23055584,45.18817454,1,0.32,0.68,Kup,0.01579342363752767,1.0,0.01579342363752767
8/1/2024,5446.68,3465998526,8/1/2024,-1.369356971,17.71027689,-2.259025511,15.73263957,37.80493095,0,0.78,0.22,Sprzedaj,-0.013693569708273734,-1.0,0.013693569708273734
8/2/2024,5346.56,4005791030,8/2/2024,-1.838183995,0.0,-13.51559952,9.882991754,31.65377675,0,0.98,0.02,Sprzedaj,-0.018381839946536194,-1.0,0.018381839946536194
8/5/2024,5186.33,4013798197,8/5/2024,-2.996880237,0.0,-34.96270907,0.913851589,23.28648408,0,0.99,0.01,Sprzedaj,-0.029968802370122227,-1.0,0.029968802370122227
8/6/2024,5240.03,3179578829,8/6/2024,1.035414252,14.20334321,-47.08380392,-8.685679513,30.09647699,1,0.13,0.87,Kup,0.01035414252467537,1.0,0.01035414252467537
8/7/2024,5199.5,2994459938,8/7/2024,-0.773468854,3.483389759,-59.27698303,-18.80394022,30.20523822,0,0.75,0.25,Sprzedaj,-0.007734688541859436,-1.0,0.007734688541859436
8/8/2024,5319.31,2714860214,8/8/2024,2.304260025,35.17245028,-58.59702953,-26.76255808,40.24624694,1,0.1,0.9,Kup,0.023042600250024137,1.0,0.023042600250024137
8/9/2024,5344.16,2195024918,8/9/2024,0.467165854,42.72488563,-55.41419384,-32.49288523,37.99505085,1,0.23,0.77,Kup,0.004671658542179324,1.0,0.004671658542179324
8/12/2024,5344.39,2285608247,8/12/2024,0.004303763,47.04586719,-52.27067078,-36.44844234,38.37318047,1,0.1,0.9,Kup,4.303763360380408e-05,1.0,4.303763360380408e-05
8/13/2024,5434.43,2602423658,8/13/2024,1.684757288,73.8458791,-42.02944137,-37.56464215,50.41938597,1,0.26,0.74,Kup,0.01684757287548244,1.0,0.01684757287548244
8/14/2024,5455.21,2352132914,8/14/2024,0.382376809,80.03095514,-31.86905433,-36.42552458,53.24320254,1,0.31,0.69,Kup,0.0038237680860733203,1.0,0.0038237680860733203
8/15/2024,5543.22,2676735788,8/15/2024,1.61332011,100.0,-16.52471628,-32.44536292,54.71884396,1,0.0,1.0,Kup,0.01613320110499883,1.0,0.01613320110499883
8/16/2024,5554.25,2290560567,8/16/2024,0.198981819,100.0,-3.434597108,-26.64320976,55.05117439,1,0.0,1.0,Kup,0.001989818192314141,1.0,0.001989818192314141
8/19/2024,5608.25,2091521270,8/19/2024,0.972228474,100.0,11.16802728,-19.08096235,59.28893502,1,0.0,1.0,Kup,0.009722284736913167,1.0,0.009722284736913167
8/20/2024,5597.12,2143953087,8/20/2024,-0.198457629,97.36205916,21.59369565,-10.94603075,54.40076228,0,0.91,0.09,Sprzedaj,-0.0019845762938528466,-1.0,0.0019845762938528466
8/21/2024,5620.85,2043181668,8/21/2024,0.423968041,100.0,31.40886379,-2.475051843,60.91030958,1,0.0,1.0,Kup,0.004239680407066571,1.0,0.004239680407066571
8/22/2024,5570.64,2229614521,8/22/2024,-0.893281265,88.44472061,34.73551845,4.967062216,64.97300476,0,0.69,0.31,Sprzedaj,-0.008932812652890587,-1.0,0.008932812652890587
8/23/2024,5634.61,2217187088,8/23/2024,1.148342022,100.0,42.04904539,12.38345885,84.37624613,1,0.01,0.99,Kup,0.011483420217425433,1.0,0.011483420217425433
8/26/2024,5616.84,2019362094,8/26/2024,-0.315372315,95.91597527,45.88227539,19.08322216,80.5807593,0,0.85,0.15,Sprzedaj,-0.0031537231503155905,-1.0,0.0031537231503155905
8/27/2024,5625.8,1985907243,8/27/2024,0.1595203,97.20583571,49.07740116,25.08205796,86.46581811,1,0.25,0.75,Kup,0.0015952029967027936,1.0,0.0015952029967027936
8/28/2024,5592.18,2195175203,8/28/2024,-0.597603896,85.39163367,48.33948088,29.73354254,77.378444,0,0.95,0.05,Sprzedaj,-0.005976038963347419,-1.0,0.005976038963347419
8/29/2024,5591.96,2330884305,8/29/2024,-0.003934065,85.30425195,47.19291109,33.22541625,76.15579481,0,0.89,0.11,Sprzedaj,-3.934065069444159e-05,-1.0,3.934065069444159e-05
8/30/2024,5648.4,2763540635,8/30/2024,1.009306218,100.0,50.25912664,36.63215833,78.68505973,1,0.0,1.0,Kup,0.010093062182132906,1.0,0.010093062182132906
9/3/2024,5528.93,2918660358,9/3/2024,-2.115112244,38.15932502,42.55830833,37.81738833,58.44745593,0,0.68,0.32,Sprzedaj,-0.021151122441753323,-1.0,0.021151122441753323
9/4/2024,5520.07,2507929516,9/4/2024,-0.160248005,0.0,35.33312808,37.32053628,55.9241533,0,0.96,0.04,Sprzedaj,-0.0016024800458679378,-1.0,0.0016024800458679378
9/5/2024,5503.41,2459175279,9/5/2024,-0.301807767,0.0,27.94071474,35.44457197,45.81889218,0,0.99,0.01,Sprzedaj,-0.0030180776693048417,-1.0,0.0030180776693048417
9/6/2024,5408.42,2846447424,9/6/2024,-1.726020776,0.0,14.25297534,31.20625264,36.98016178,0,0.99,0.01,Sprzedaj,-0.01726020776209658,-1.0,0.01726020776209658
9/9/2024,5471.05,2596711180,9/9/2024,1.158009178,26.09800817,8.362661281,26.63753437,37.9365526,1,0.37,0.63,Kup,0.01158009178281283,1.0,0.01158009178281283
9/10/2024,5495.52,2556010161,9/10/2024,0.447263322,36.29469122,5.604464667,22.43092043,41.27147766,1,0.1,0.9,Kup,0.004472633223969957,1.0,0.004472633223969957
9/11/2024,5554.13,2840609874,9/11/2024,1.066505081,60.7175598,8.055057466,19.55574784,44.5921411,1,0.14,0.86,Kup,0.010665050805019227,1.0,0.010665050805019227
9/12/2024,5595.76,2599880993,9/12/2024,0.74953233,78.06483874,13.20415373,18.28542902,52.06477067,1,0.1,0.9,Kup,0.007495323299958834,1.0,0.007495323299958834
9/13/2024,5626.02,2218001699,9/13/2024,0.54076658,90.67422285,19.50177441,18.5286981,49.25251049,1,0.21,0.79,Kup,0.0054076658041088965,1.0,0.0054076658041088965
9/16/2024,5633.09,2355704324,9/16/2024,0.125666101,93.62030169,24.77755387,19.77846925,51.44088386,1,0.12,0.88,Kup,0.0012566610143582846,1.0,0.0012566610143582846
9/17/2024,5634.58,2352005863,9/17/2024,0.026450847,94.24118677,28.74749443,21.57227429,50.78897236,1,0.09,0.91,Kup,0.00026450846693371055,1.0,0.00026450846693371055
9/18/2024,5618.26,2478222849,9/18/2024,-0.289640044,87.44062005,30.2283596,23.30349135,52.41875649,0,0.86,0.14,Sprzedaj,-0.0028964004415590328,-1.0,0.0028964004415590328
9/19/2024,5713.64,2802061343,9/19/2024,1.697678641,100.0,38.65275984,26.37334505,59.59197831,1,0.0,1.0,Kup,0.01697678640717948,1.0,0.01697678640717948
9/20/2024,5702.55,5746133311,9/20/2024,-0.194096933,96.36655527,43.92791376,29.88425879,54.59732056,0,0.82,0.18,Sprzedaj,-0.0019409693295342478,-1.0,0.0019409693295342478
9/23/2024,5718.57,2421690533,9/23/2024,0.280926954,100.0,48.83821482,33.67504999,69.53118563,1,0.0,1.0,Kup,0.002809269537312087,1.0,0.002809269537312087
9/24/2024,5732.93,2560831360,9/24/2024,0.251111729,100.0,53.27428301,37.5948966,71.67705406,1,0.0,1.0,Kup,0.002511117289812015,1.0,0.002511117289812015
9/25/2024,5722.26,2461681291,9/25/2024,-0.186117744,96.71196573,55.29155258,41.13422779,72.56232087,0,0.89,0.11,Sprzedaj,-0.0018611774432969463,-1.0,0.0018611774432969463
9/26/2024,5745.37,2772978914,9/26/2024,0.403861411,100.0,58.08546403,44.52447504,90.78211614,1,0.02,0.98,Kup,0.004038614114003858,1.0,0.004038614114003858
9/27/2024,5738.17,2330866872,9/27/2024,-0.1253183,97.11827096,59.03812442,47.42720492,87.34063968,0,0.9,0.1,Sprzedaj,-0.0012531829977877607,-1.0,0.0012531829977877607
9/30/2024,5762.48,2525809879,9/30/2024,0.423654231,100.0,61.05097088,50.15195811,87.33497427,1,0.03,0.97,Kup,0.0042365423122701085,1.0,0.0042365423122701085
10/1/2024,5708.75,2660892168,10/1/2024,-0.932411045,67.77231286,57.64609593,51.65078567,71.9232078,0,0.9,0.1,Sprzedaj,-0.009324110452443968,-1.0,0.009324110452443968
10/2/2024,5709.54,2249151383,10/2/2024,0.013838406,63.29219248,54.38454324,52.19753719,68.2456703,1,0.28,0.72,Kup,0.00013838405955768351,1.0,0.00013838405955768351
10/3/2024,5699.94,2210219663,10/3/2024,-0.16813964,56.63569547,50.44361685,51.84675312,62.6949234,0,0.73,0.27,Sprzedaj,-0.001681396399709989,-1.0,0.001681396399709989
10/4/2024,5751.07,2221127200,10/4/2024,0.897026986,92.08847594,50.85988686,51.64937987,67.59844869,1,0.33,0.67,Kup,0.008970269862489832,1.0,0.008970269862489832
10/7/2024,5695.94,2292762825,10/7/2024,-0.958604225,53.86215504,46.20858973,50.56122184,57.89013476,0,0.89,0.11,Sprzedaj,-0.009586042249529192,-1.0,0.009586042249529192
10/8/2024,5751.13,2187473625,10/8/2024,0.968935768,82.94259092,46.44043853,49.73706518,65.53272077,1,0.05,0.95,Kup,0.00968935768284096,1.0,0.00968935768284096
10/9/2024,5792.04,2172928121,10/9/2024,0.711338467,100.0,49.35632647,49.66091744,60.50262566,1,0.0,1.0,Kup,0.0071133846739683815,1.0,0.0071133846739683815
10/10/2024,5780.05,2067810368,10/10/2024,-0.207008239,87.52341311,50.12192157,49.75311826,60.35708558,0,0.34,0.66,Kup,-0.0020700823889336917,1.0,-0.0020700823889336917
10/11/2024,5815.03,2127780848,10/11/2024,0.605185076,100.0,52.94098414,50.39069144,62.26914271,1,0.0,1.0,Kup,0.00605185076253667,1.0,0.00605185076253667
10/15/2024,5815.26,2826023465,10/15/2024,0.003955268,100.0,54.56468292,51.22548974,60.86233739,1,0.0,1.0,Kup,3.955267642652416e-05,1.0,3.955267642652416e-05
10/16/2024,5842.47,2269908582,10/16/2024,0.467906852,100.0,57.38559014,52.45750982,65.19683447,1,0.0,1.0,Kup,0.004679068519722218,1.0,0.004679068519722218
10/17/2024,5841.47,2347819901,10/17/2024,-0.017116049,99.3175459,58.86196371,53.73840059,62.86823781,0,0.96,0.04,Sprzedaj,-0.00017116048520571248,-1.0,0.00017116048520571248
10/18/2024,5864.67,2151748587,10/18/2024,0.397160304,100.0,61.19858729,55.23043793,66.24293785,1,0.0,1.0,Kup,0.003971603038276372,1.0,0.003971603038276372
10/21/2024,5853.98,2106670973,10/21/2024,-0.182277946,93.6644343,61.47909195,56.48016874,62.17467667,0,0.92,0.08,Sprzedaj,-0.0018227794573267841,-1.0,0.0018227794573267841
10/22/2024,5851.2,2281964492,10/22/2024,-0.047489059,92.01683162,60.77647775,57.33943054,71.92685405,0,0.9,0.1,Sprzedaj,-0.0004748905872585807,-1.0,0.0004748905872585807
10/23/2024,5797.42,2403900391,10/23/2024,-0.9191277,60.14342441,55.24324465,56.92019336,61.62987666,0,0.96,0.04,Sprzedaj,-0.009191277003007925,-1.0,0.009191277003007925
10/24/2024,5809.86,2309079983,10/24/2024,0.214578209,67.51615006,51.27090254,55.7903352,64.43808123,1,0.19,0.81,Kup,0.002145782089274073,1.0,0.002145782089274073
10/25/2024,5808.12,2285689375,10/25/2024,-0.029949087,66.48491673,47.43558149,54.11938446,58.61080086,0,0.72,0.28,Sprzedaj,-0.0002994908655286066,-1.0,0.0002994908655286066
10/28/2024,5823.52,2229819590,10/28/2024,0.265146037,63.75726616,45.11861392,52.31923035,71.88035947,1,0.09,0.91,Kup,0.002651460369276215,1.0,0.002651460369276215
10/29/2024,5832.92,2703268392,10/29/2024,0.161414402,62.47931931,43.53901125,50.56318653,66.64089522,1,0.2,0.8,Kup,0.0016141440228589765,1.0,0.0016141440228589765
10/30/2024,5813.67,2883407623,10/30/2024,-0.330023385,39.73056015,40.26964721,48.50447866,54.82618591,0,0.87,0.13,Sprzedaj,-0.0033002338451409985,-1.0,0.0033002338451409985
10/31/2024,5705.45,3348081587,10/31/2024,-1.861474766,0.0,28.61633182,44.5268493,38.35539461,0,1.0,0.0,Sprzedaj,-0.018614747655095742,-1.0,0.018614747655095742
11/1/2024,5728.8,2795181639,11/1/2024,0.409257815,14.66524306,21.02280744,39.82604092,36.03291328,1,0.66,0.34,Sprzedaj,0.004092578148962911,-1.0,-0.004092578148962911
11/4/2024,5712.69,2435296825,11/4/2024,-0.281210725,4.547167441,13.54876061,34.57058486,34.19909419,0,0.81,0.19,Sprzedaj,-0.002812107247591178,-1.0,0.002812107247591178
11/5/2024,5782.76,2415526221,11/5/2024,1.226567519,48.55545786,13.12825372,30.28211863,41.87464279,1,0.16,0.84,Kup,0.012265675189796932,1.0,0.012265675189796932
11/6/2024,5929.04,4188415588,11/6/2024,2.529587948,100.0,24.31824686,29.08934428,58.53991535,1,0.0,1.0,Kup,0.025295879476236127,1.0,0.025295879476236127
11/7/2024,5973.1,3113022582,11/7/2024,0.743121989,100.0,36.32296231,30.53606789,60.16080364,1,0.0,1.0,Kup,0.007431219893945906,1.0,0.007431219893945906
11/8/2024,5995.54,2776355347,11/8/2024,0.375684318,100.0,47.10451473,33.84975726,62.97953495,1,0.0,1.0,Kup,0.0037568431802581514,1.0,0.0037568431802581514
11/12/2024,5983.99,2635771640,11/12/2024,-0.192643198,96.01847702,54.09342886,37.89849158,61.98271039,0,0.77,0.23,Sprzedaj,-0.0019264319811059805,-1.0,0.0019264319811059805
11/13/2024,5985.38,2606607974,11/13/2024,0.023228648,96.49763866,59.06350769,42.1314948,68.73231015,1,0.89,0.11,Sprzedaj,0.00023228648443596178,-1.0,-0.00023228648443596178
11/14/2024,5949.17,2650482299,11/14/2024,-0.60497412,84.01530559,59.39580867,45.58435757,63.25575199,0,0.93,0.07,Sprzedaj,-0.0060497412027306074,-1.0,0.0060497412027306074
11/15/2024,5870.62,3307311778,11/15/2024,-1.320352251,56.93750215,52.71318627,47.01012331,55.18861659,0,0.85,0.15,Sprzedaj,-0.013203522508181798,-1.0,0.013203522508181798
11/18/2024,5893.62,2873987244,11/18/2024,0.391781447,64.86607605,48.71155122,47.35040889,55.7470322,1,0.24,0.76,Kup,0.003917814472747416,1.0,0.003917814472747416
11/19/2024,5916.98,2728398371,11/19/2024,0.396360811,72.91874935,46.88472544,47.2572722,56.73730444,1,0.12,0.88,Kup,0.003963608105035599,1.0,0.003963608105035599
11/20/2024,5917.11,2623316625,11/20/2024,0.002197067,72.96356303,44.9295232,46.7917224,58.55271861,1,0.18,0.82,Kup,2.1970667468895755e-05,1.0,2.1970667468895755e-05
11/21/2024,5948.71,2889328509,11/21/2024,0.534044491,83.4435213,45.40644994,46.51466791,73.0316228,1,0.13,0.87,Kup,0.005340444913141784,1.0,0.005340444913141784
11/22/2024,5969.34,2642080825,11/22/2024,0.346797877,90.73713983,46.90835609,46.59340555,72.89200198,1,0.17,0.83,Kup,0.0034679787718681077,1.0,0.0034679787718681077
11/25/2024,5987.37,3980582178,11/25/2024,0.302043442,96.16035342,48.98878562,47.07248156,76.04589418,1,0.6,0.4,Brak decyzji,0.0030204344198856425,,
11/26/2024,6021.63,2440492719,11/26/2024,0.57220449,100.0,52.79346647,48.21667854,74.30059615,1,0.0,1.0,Kup,0.005722044904524104,1.0,0.005722044904524104
11/27/2024,5998.74,2099481940,11/27/2024,-0.380129633,84.84206344,53.34672393,49.24268762,59.467536,0,0.81,0.19,Sprzedaj,-0.0038012963267421984,-1.0,0.0038012963267421984
11/29/2024,6032.38,1465439728,11/29/2024,0.560784431,100.0,55.85578064,50.56530622,58.28673675,1,0.0,1.0,Kup,0.005607844313972654,1.0,0.005607844313972654
12/2/2024,6047.15,2758054562,12/2/2024,0.244845318,100.0,58.36326631,52.12489824,57.3726465,1,0.0,1.0,Kup,0.0024484531809998433,1.0,0.0024484531809998433
12/3/2024,6049.88,2655568059,12/3/2024,0.045145234,100.0,59.88048995,53.67601658,59.6559102,1,0.0,1.0,Kup,0.00045145233705135013,1.0,0.00045145233705135013
12/4/2024,6086.49,2712321623,12/4/2024,0.60513597,100.0,63.30725502,55.60226427,63.4308334,1,0.0,1.0,Kup,0.006051359696390701,1.0,0.006051359696390701
12/5/2024,6075.11,2675005481,12/5/2024,-0.186971473,94.7283087,64.362786,57.35436862,67.91057512,0,0.87,0.13,Sprzedaj,-0.0018697147288503357,-1.0,0.0018697147288503357
12/6/2024,6090.27,2526693758,12/6/2024,0.249542807,100.0,65.66563465,59.01662182,88.10853951,1,0.01,0.99,Kup,0.002495428066323191,1.0,0.002495428066323191
12/9/2024,6052.85,2941794303,12/9/2024,-0.614422677,78.40614,62.95298747,59.80389495,76.30944119,0,0.9,0.1,Sprzedaj,-0.006144226774839168,-1.0,0.006144226774839168
12/10/2024,6034.91,2802540531,12/10/2024,-0.296389304,68.02956803,58.67917002,59.57894997,69.84084256,0,0.95,0.05,Sprzedaj,-0.0029638930421207466,-1.0,0.0029638930421207466
12/11/2024,6084.19,2908653941,12/11/2024,0.816582186,95.70500141,58.59319715,59.3817994,74.12080614,1,0.19,0.81,Kup,0.008165821859812183,1.0,0.008165821859812183
12/12/2024,6051.25,2407534449,12/12/2024,-0.541403211,67.73339949,55.23041844,58.55152321,64.74631845,0,0.92,0.08,Sprzedaj,-0.0054140321061636465,-1.0,0.0054140321061636465
12/13/2024,6051.09,2525493236,12/13/2024,-0.002644082,61.92419825,51.95359274,57.23193712,62.49197763,0,0.81,0.19,Sprzedaj,-2.6440818012729572e-05,-1.0,2.6440818012729572e-05
12/16/2024,6074.08,3113591762,12/16/2024,0.37993155,82.31181034,50.62817554,55.9111848,63.05205166,1,0.33,0.67,Kup,0.00379931549522472,1.0,0.00379931549522472
12/17/2024,6050.61,3038427124,12/17/2024,-0.386395964,56.66994428,47.14053328,54.1570545,54.50868131,0,0.87,0.13,Sprzedaj,-0.0038639596449174807,-1.0,0.0038639596449174807
12/18/2024,5872.16,3400301958,12/18/2024,-2.94928941,0.0,29.63550834,49.25274526,36.729987,0,1.0,0.0,Sprzedaj,-0.029492894104891865,-1.0,0.029492894104891865
12/19/2024,5867.08,3296178745,12/19/2024,-0.086509904,0.0,15.17777645,42.4377515,31.56697444,0,1.0,0.0,Sprzedaj,-0.0008650990436227524,-1.0,0.0008650990436227524
12/20/2024,5930.85,6423401075,12/20/2024,1.086912058,28.57206864,8.764593047,35.70311981,38.30873779,1,0.32,0.68,Kup,0.010869120584686254,1.0,0.010869120584686254
12/23/2024,5974.07,2322849535,12/23/2024,0.728731969,47.93673552,7.087887042,29.98007326,42.9527581,1,0.17,0.83,Kup,0.007287319692792726,1.0,0.007287319692792726
12/24/2024,6040.04,1133216588,12/24/2024,1.104272297,77.4945114,10.95601895,26.1752624,45.90554096,1,0.13,0.87,Kup,0.011042722967758989,1.0,0.011042722967758989
12/26/2024,6037.59,1506250902,12/26/2024,-0.040562645,76.39679197,13.66631012,23.67347194,46.63979939,0,0.18,0.82,Kup,-0.00040562645280495246,1.0,-0.00040562645280495246
12/27/2024,5970.84,1817797977,12/27/2024,-1.105573582,47.79144213,10.30922986,21.00062352,40.20889013,0,0.73,0.27,Sprzedaj,-0.011055735815118317,-1.0,0.011055735815118317
12/30/2024,5906.94,1943393216,12/30/2024,-1.070201178,18.35935701,2.464118779,17.29332258,38.5357575,0,0.53,0.47,Brak decyzji,-0.010702011777237508,,
12/31/2024,5881.63,1796606528,12/31/2024,-0.428479043,6.701671964,-5.729448237,12.68876841,38.09457234,0,0.76,0.24,Sprzedaj,-0.004284790432948271,-1.0,0.004284790432948271
